MW Wind Added,Price
0,23.89
1,23.89
2,23.89
3,23.89
4,23.89
5,23.89
6,23.89
7,23.89
8,23.89
9,23.89
10,23.89
11,23.89
12,23.89
13,23.89
14,23.89
15,23.89
16,23.89
17,23.89
18,23.89
19,23.89
20,23.89
21,23.89
22,23.89
23,23.89
24,23.89
25,23.89
26,23.89
27,23.89
28,23.89
29,23.89
30,23.89
31,23.89
32,23.89
33,23.89
34,23.89
35,23.89
36,23.89
37,23.89
38,23.89
39,23.89
40,23.89
41,23.89
42,23.89
43,23.89
44,23.89
45,23.89
46,23.89
47,23.89
48,23.89
49,23.89
50,23.89
51,23.89
52,23.89
53,23.89
54,23.89
55,23.89
56,23.89
57,23.89
58,23.89
59,23.89
60,23.89
61,23.89
62,23.89
63,23.89
64,23.89
65,23.89
66,23.89
67,23.89
68,23.89
69,23.89
70,23.89
71,23.89
72,23.89
73,23.89
74,23.89
75,23.89
76,23.89
77,23.89
78,23.89
79,23.89
80,23.89
81,23.89
82,23.89
83,23.89
84,23.89
85,23.89
86,23.89
87,23.89
88,23.89
89,23.89
90,23.89
91,23.89
92,23.89
93,23.89
94,23.89
95,23.89
96,23.89
97,23.89
98,23.89
99,23.89
100,23.89
101,23.89
102,23.89
103,23.89
104,23.89
105,23.89
106,23.89
107,23.89
108,23.89
109,23.89
110,23.89
111,23.89
112,23.89
113,23.89
114,23.89
115,23.89
116,23.89
117,23.89
118,23.89
119,23.89
120,23.89
121,23.89
122,23.89
123,23.89
124,23.89
125,23.89
126,23.89
127,23.89
128,23.89
129,23.89
130,23.89
131,23.89
132,23.89
133,23.89
134,23.89
135,23.89
136,23.89
137,23.89
138,23.89
139,23.89
140,23.89
141,23.89
142,23.89
143,23.89
144,23.89
145,23.89
146,23.89
147,23.89
148,23.89
149,23.89
150,23.89
151,23.89
152,23.89
153,23.89
154,23.89
155,23.89
156,23.89
157,23.89
158,23.89
159,23.89
160,23.89
161,23.89
162,23.89
163,23.89
164,23.89
165,23.89
166,23.89
167,23.89
168,23.89
169,23.89
170,23.89
171,23.89
172,23.89
173,23.89
174,23.89
175,23.89
176.0,23.8
177.0,23.8
178.0,23.8
179.0,23.8
180.0,23.8
181.0,23.8
182.0,23.8
183.0,23.8
184.0,23.8
185.0,23.8
186.0,23.8
187.0,23.8
188.0,23.8
189.0,23.8
190.0,23.8
191.0,23.8
192.0,23.8
193.0,23.8
194.0,23.8
195.0,23.8
196.0,23.8
197.0,23.8
198.0,23.8
199.0,23.8
200.0,23.8
201.0,23.8
202.0,23.8
203.0,23.8
204.0,23.8
205.0,23.8
206.0,23.8
207.0,23.8
208.0,23.8
209.0,23.8
210.0,23.8
211.0,23.8
212.0,23.8
213.0,23.8
214.0,23.8
215.0,23.8
216.0,23.8
217.0,23.8
218.0,23.8
219.0,23.8
220.0,23.8
221.0,23.8
222.0,23.8
223.0,23.8
224.0,23.8
225.0,23.8
226.0,23.8
227.0,23.8
228.0,23.8
229.0,23.8
230.0,23.8
231.0,23.8
232.0,23.8
233.0,23.8
234.0,23.8
235.0,23.8
236.0,23.8
237.0,23.8
238.0,23.8
239.0,23.8
240.0,23.8
241.0,23.8
242.0,23.8
243.0,23.8
244.0,23.8
245.0,23.8
246.0,23.8
247.0,23.8
248.0,23.8
249.0,23.8
250.0,23.8
251.0,23.8
252.0,23.8
253.0,23.8
254.0,23.8
255.0,23.8
256.0,23.8
257.0,23.8
258.0,23.8
259.0,23.8
260.0,23.8
261.0,23.8
262.0,23.8
263.0,23.8
264.0,23.8
265.0,23.8
266.0,23.8
267.0,23.8
268.0,23.8
269.0,23.8
270.0,23.8
271.0,23.8
272.0,23.8
273.0,23.8
274.0,23.8
275.0,23.8
276.0,23.8
277.0,23.8
278.0,23.8
279.0,23.8
280.0,23.8
281.0,23.8
282.0,23.8
283.0,23.8
284.0,23.8
285.0,23.8
286.0,23.8
287.0,23.8
288.0,23.8
289.0,23.79
290.0,23.79
291.0,23.79
292.0,23.79
293.0,23.79
294.0,23.79
295.0,23.79
296.0,23.79
297.0,23.79
298.0,23.79
299.0,23.79
300.0,23.79
301.0,23.79
302.0,23.79
303.0,23.79
304.0,23.79
305.0,23.79
306.0,23.79
307.0,23.79
308.0,23.79
309.0,23.79
310.0,23.79
311.0,23.79
312.0,23.79
313.0,23.79
314.0,23.79
315.0,23.79
316.0,23.79
317.0,23.79
318.0,23.79
319.0,23.79
320.0,23.79
321.0,23.79
322.0,23.79
323.0,23.79
324.0,23.79
325.0,23.79
326.0,23.79
327.0,23.79
328.0,23.79
329.0,23.79
330.0,23.79
331.0,23.79
332.0,23.79
333.0,23.79
334.0,23.79
335.0,23.79
336.0,23.79
337.0,23.79
338.0,23.79
339.0,23.79
340.0,23.79
341.0,23.79
342.0,23.79
343.0,23.79
344.0,23.79
345.0,23.79
346.0,23.79
347.0,23.79
348.0,23.79
349.0,23.79
350.0,23.79
351.0,23.79
352.0,23.79
353.0,23.79
354.0,23.79
355.0,23.79
356.0,23.79
357.0,23.79
358.0,23.79
359.0,23.79
360.0,23.79
361.0,23.79
362.0,23.79
363.0,23.79
364.0,23.79
365.0,23.79
366.0,23.79
367.0,23.79
368.0,23.79
369.0,23.79
370.0,23.79
371.0,23.79
372.0,23.79
373.0,23.79
374.0,23.79
375.0,23.79
376.0,23.79
377.0,23.79
378.0,23.79
379.0,23.79
380.0,23.79
381.0,23.79
382.0,23.79
383.0,23.79
384.0,23.79
385.0,23.79
386.0,23.79
387.0,23.79
388.0,23.79
389.0,23.79
390.0,23.79
391.0,23.79
392.0,23.79
393.0,23.79
394.0,23.79
395.0,23.79
396.0,23.79
397.0,23.79
398.0,23.79
399.0,23.79
400.0,23.79
401.0,23.79
402.0,23.79
403.0,23.79
404.0,23.79
405.0,23.79
406.0,23.79
407.0,23.79
408.0,23.79
409.0,23.79
410.0,23.79
411.0,23.79
412.0,23.79
413.0,23.79
414.0,23.79
415.0,23.79
416.0,23.79
417.0,23.79
418.0,23.79
419.0,23.79
420.0,23.79
421.0,23.79
422.0,23.79
423.0,23.79
424.0,23.79
425.0,23.79
426.0,23.79
427.0,23.79
428.0,23.79
429.0,23.79
430.0,23.79
431.0,23.79
432.0,23.79
433.0,23.79
434.0,23.79
435.0,23.79
436.0,23.79
437.0,23.79
438.0,23.79
439.0,23.69
440.0,23.69
441.0,23.69
442.0,23.69
443.0,23.69
444.0,23.69
445.0,23.69
446.0,23.69
447.0,23.69
448.0,23.69
449.0,23.69
450.0,23.69
451.0,23.69
452.0,23.69
453.0,23.69
454.0,23.69
455.0,23.69
456.0,23.69
457.0,23.69
458.0,23.69
459.0,23.69
460.0,23.69
461.0,23.69
462.0,23.69
463.0,23.69
464.0,23.69
465.0,23.69
466.0,23.69
467.0,23.69
468.0,23.69
469.0,23.69
470.0,23.69
471.0,23.69
472.0,23.69
473.0,23.69
474.0,23.69
475.0,23.69
476.0,23.69
477.0,23.69
478.0,23.69
479.0,23.69
480.0,23.69
481.0,23.69
482.0,23.69
483.0,23.69
484.0,23.69
485.0,23.69
486.0,23.69
487.0,23.69
488.0,23.69
489.0,23.69
490.0,23.69
491.0,23.69
492.0,23.69
493.0,23.69
494.0,23.69
495.0,23.69
496.0,23.69
497.0,23.69
498.0,23.69
499.0,23.69
500.0,23.69
501.0,23.69
502.0,23.69
503.0,23.69
504.0,23.69
505.0,23.69
506.0,23.69
507.0,23.69
508.0,23.69
509.0,23.69
510.0,23.69
511.0,23.69
512.0,23.69
513.0,23.69
514.0,23.69
515.0,23.69
516.0,23.69
517.0,23.69
518.0,23.69
519.0,23.69
520.0,23.69
521.0,23.69
522.0,23.69
523.0,23.69
524.0,23.69
525.0,23.69
526.0,23.69
527.0,23.69
528.0,23.69
529.0,23.69
530.0,23.69
531.0,23.69
532.0,23.69
533.0,23.69
534.0,23.69
535.0,23.69
536.0,23.69
537.0,23.69
538.0,23.69
539.0,23.69
540.0,23.69
541.0,23.69
542.0,23.69
543.0,23.69
544.0,23.69
545.0,23.69
546.0,23.69
547.0,23.69
548.0,23.69
549.0,23.69
550.0,23.69
551.0,23.69
552.0,23.69
553.0,23.69
554.0,23.69
555.0,23.64
556.0,23.64
557.0,23.64
558.0,23.64
559.0,23.64
560.0,23.64
561.0,23.64
562.0,23.64
563.0,23.64
564.0,23.64
565.0,23.64
566.0,23.64
567.0,23.64
568.0,23.64
569.0,23.64
570.0,23.64
571.0,23.64
572.0,23.64
573.0,23.64
574.0,23.64
575.0,23.64
576.0,23.64
577.0,23.64
578.0,23.64
579.0,23.64
580.0,23.64
581.0,23.64
582.0,23.64
583.0,23.64
584.0,23.64
585.0,23.64
586.0,23.64
587.0,23.64
588.0,23.64
589.0,23.64
590.0,23.64
591.0,23.64
592.0,23.64
593.0,23.64
594.0,23.64
595.0,23.64
596.0,23.64
597.0,23.64
598.0,23.64
599.0,23.64
600.0,23.64
601.0,23.64
602.0,23.64
603.0,23.64
604.0,23.64
605.0,23.64
606.0,23.64
607.0,23.64
608.0,23.64
609.0,23.64
610.0,23.64
611.0,23.64
612.0,23.64
613.0,23.64
614.0,23.64
615.0,23.64
616.0,23.64
617.0,23.64
618.0,23.64
619.0,23.64
620.0,23.64
621.0,23.64
622.0,23.64
623.0,23.64
624.0,23.64
625.0,23.64
626.0,23.64
627.0,23.64
628.0,23.64
629.0,23.64
630.0,23.64
631.0,23.64
632.0,23.64
633.0,23.64
634.0,23.64
635.0,23.64
636.0,23.64
637.0,23.64
638.0,23.64
639.0,23.64
640.0,23.64
641.0,23.64
642.0,23.64
643.0,23.64
644.0,23.64
645.0,23.64
646.0,23.64
647.0,23.64
648.0,23.64
649.0,23.64
650.0,23.64
651.0,23.64
652.0,23.64
653.0,23.64
654.0,23.64
655.0,23.64
656.0,23.64
657.0,23.64
658.0,23.64
659.0,23.64
660.0,23.64
661.0,23.64
662.0,23.64
663.0,23.64
664.0,23.64
665.0,23.64
666.0,23.64
667.0,23.64
668.0,23.64
669.0,23.64
670.0,23.64
671.0,23.64
672.0,23.64
673.0,23.64
674.0,23.64
675.0,23.64
676.0,23.64
677.0,23.64
678.0,23.64
679.0,23.64
680.0,23.64
681.0,23.64
682.0,23.64
683.0,23.64
684.0,23.64
685.0,23.64
686.0,23.64
687.0,23.64
688.0,23.64
689.0,23.64
690.0,23.64
691.0,23.64
692.0,23.64
693.0,23.64
694.0,23.64
695.0,23.64
696.0,23.64
697.0,23.64
698.0,23.64
699.0,23.64
700.0,23.64
701.0,23.64
702.0,23.64
703.0,23.64
704.0,23.64
705.0,23.64
706.0,23.64
707.0,23.64
708.0,23.64
709.0,23.64
710.0,23.64
711.0,23.64
712.0,23.64
713.0,23.64
714.0,23.64
715.0,23.64
716.0,23.64
717.0,23.64
718.0,23.64
719.0,23.64
720.0,23.64
721.0,23.64
722.0,23.64
723.0,23.64
724.0,23.64
725.0,23.64
726.0,23.64
727.0,23.64
728.0,23.64
729.0,23.64
730.0,23.64
731.0,23.64
732.0,23.64
733.0,23.64
734.0,23.64
735.0,23.64
736.0,23.64
737.0,23.64
738.0,23.64
739.0,23.64
740.0,23.64
741.0,23.64
742.0,23.64
743.0,23.64
744.0,23.64
745.0,23.64
746.0,23.64
747.0,23.64
748.0,23.64
749.0,23.64
750.0,23.64
751.0,23.64
752.0,23.64
753.0,23.64
754.0,23.64
755.0,23.64
756.0,23.64
757.0,23.64
758.0,23.64
759.0,23.64
760.0,23.64
761.0,23.64
762.0,23.64
763.0,23.64
764.0,23.64
765.0,23.64
766.0,23.64
767.0,23.64
768.0,23.64
769.0,23.64
770.0,23.64
771.0,23.64
772.0,23.64
773.0,23.64
774.0,23.64
775.0,23.64
776.0,23.64
777.0,23.64
778.0,23.64
779.0,23.64
780.0,23.64
781.0,23.64
782.0,23.64
783.0,23.64
784.0,23.64
785.0,23.64
786.0,23.64
787.0,23.64
788.0,23.64
789.0,23.64
790.0,23.64
791.0,23.64
792.0,23.64
793.0,23.64
794.0,23.64
795.0,23.64
796.0,23.64
797.0,23.64
798.0,23.64
799.0,23.64
800.0,23.64
801.0,23.64
802.0,23.64
803.0,23.64
804.0,23.64
805.0,23.64
806.0,23.64
807.0,23.64
808.0,23.64
809.0,23.64
810.0,23.64
811.0,23.64
812.0,23.64
813.0,23.64
814.0,23.64
815.0,23.64
816.0,23.64
817.0,23.64
818.0,23.64
819.0,23.64
820.0,23.64
821.0,23.64
822.0,23.64
823.0,23.64
824.0,23.64
825.0,23.64
826.0,23.64
827.0,23.64
828.0,23.64
829.0,23.64
830.0,23.64
831.0,23.64
832.0,23.64
833.0,23.64
834.0,23.64
835.0,23.64
836.0,23.64
837.0,23.64
838.0,23.64
839.0,23.64
840.0,23.64
841.0,23.64
842.0,23.64
843.0,23.64
844.0,23.64
845.0,23.64
846.0,23.64
847.0,23.64
848.0,23.64
849.0,23.64
850.0,23.64
851.0,23.64
852.0,23.64
853.0,23.64
854.0,23.64
855.0,23.64
856.0,23.64
857.0,23.64
858.0,23.64
859.0,23.64
860.0,23.64
861.0,23.64
862.0,23.64
863.0,23.64
864.0,23.64
865.0,23.64
866.0,23.64
867.0,23.64
868.0,23.64
869.0,23.64
870.0,23.64
871.0,23.64
872.0,23.64
873.0,23.64
874.0,23.64
875.0,23.64
876.0,23.64
877.0,23.64
878.0,23.64
879.0,23.64
880.0,23.64
881.0,23.64
882.0,23.64
883.0,23.64
884.0,23.64
885.0,23.64
886.0,23.64
887.0,23.64
888.0,23.64
889.0,23.64
890.0,23.64
891.0,23.64
892.0,23.64
893.0,23.64
894.0,23.64
895.0,23.64
896.0,23.64
897.0,23.64
898.0,23.64
899.0,23.64
900.0,23.64
901.0,23.64
902.0,23.64
903.0,23.64
904.0,23.64
905.0,23.01
906.0,23.01
907.0,23.01
908.0,23.01
909.0,23.01
910.0,23.01
911.0,23.01
912.0,23.01
913.0,23.01
914.0,23.01
915.0,23.01
916.0,23.01
917.0,23.01
918.0,23.01
919.0,23.01
920.0,23.01
921.0,23.01
922.0,23.01
923.0,23.01
924.0,23.01
925.0,23.01
926.0,23.01
927.0,23.01
928.0,23.01
929.0,23.01
930.0,23.01
931.0,23.01
932.0,23.01
933.0,23.01
934.0,23.01
935.0,23.01
936.0,23.01
937.0,23.01
938.0,23.01
939.0,23.01
940.0,23.01
941.0,23.01
942.0,23.01
943.0,23.01
944.0,23.01
945.0,23.01
946.0,23.01
947.0,23.01
948.0,23.01
949.0,23.01
950.0,23.01
951.0,23.01
952.0,23.01
953.0,23.01
954.0,23.01
955.0,23.01
956.0,23.01
957.0,23.01
958.0,23.01
959.0,23.01
960.0,23.01
961.0,23.01
962.0,23.01
963.0,23.01
964.0,23.01
965.0,23.01
966.0,23.01
967.0,23.01
968.0,23.01
969.0,23.01
970.0,23.01
971.0,23.01
972.0,23.01
973.0,23.01
974.0,23.01
975.0,23.01
976.0,23.01
977.0,23.01
978.0,23.01
979.0,23.01
980.0,23.01
981.0,23.01
982.0,23.01
983.0,23.01
984.0,23.01
985.0,23.01
986.0,23.01
987.0,23.01
988.0,23.01
989.0,23.01
990.0,23.01
991.0,23.01
992.0,23.01
993.0,23.01
994.0,23.01
995.0,23.01
996.0,23.01
997.0,23.01
998.0,23.01
999.0,23.01
1000.0,23.01
1001.0,23.01
1002.0,23.01
1003.0,23.01
1004.0,23.01
1005.0,23.01
1006.0,23.01
1007.0,23.01
1008.0,23.01
1009.0,23.01
1010.0,23.01
1011.0,23.01
1012.0,23.01
1013.0,23.01
1014.0,23.01
1015.0,23.01
1016.0,23.01
1017.0,23.01
1018.0,23.01
1019.0,23.01
1020.0,23.01
1021.0,23.01
1022.0,23.01
1023.0,23.01
1024.0,23.01
1025.0,23.01
1026.0,23.01
1027.0,23.01
1028.0,23.01
1029.0,23.01
1030.0,23.01
1031.0,23.01
1032.0,23.01
1033.0,23.01
1034.0,23.01
1035.0,23.01
1036.0,23.01
1037.0,23.01
1038.0,23.01
1039.0,23.01
1040.0,23.01
1041.0,23.01
1042.0,23.01
1043.0,23.01
1044.0,23.01
1045.0,23.01
1046.0,23.01
1047.0,23.01
1048.0,23.01
1049.0,23.01
1050.0,23.01
1051.0,23.01
1052.0,23.01
1053.0,23.01
1054.0,23.01
1055.0,23.01
1056.0,23.01
1057.0,23.01
1058.0,23.01
1059.0,23.01
1060.0,23.01
1061.0,23.01
1062.0,23.01
1063.0,23.01
1064.0,23.01
1065.0,23.01
1066.0,23.01
1067.0,23.01
1068.0,23.01
1069.0,23.01
1070.0,23.01
1071.0,23.01
1072.0,23.01
1073.0,23.01
1074.0,23.01
1075.0,23.01
1076.0,23.01
1077.0,23.01
1078.0,23.01
1079.0,23.01
1080.0,23.01
1081.0,23.01
1082.0,23.01
1083.0,23.01
1084.0,23.01
1085.0,23.01
1086.0,23.01
1087.0,23.01
1088.0,23.01
1089.0,23.01
1090.0,23.01
1091.0,23.01
1092.0,23.01
1093.0,23.01
1094.0,23.01
1095.0,23.01
1096.0,23.01
1097.0,23.01
1098.0,23.01
1099.0,23.01
1100.0,23.01
1101.0,23.01
1102.0,23.01
1103.0,23.01
1104.0,23.01
1105.0,23.01
1106.0,23.01
1107.0,23.01
1108.0,23.01
1109.0,23.01
1110.0,23.01
1111.0,23.01
1112.0,23.01
1113.0,23.01
1114.0,23.01
1115.0,23.01
1116.0,23.01
1117.0,23.01
1118.0,23.01
1119.0,23.01
1120.0,23.01
1121.0,23.01
1122.0,23.01
1123.0,23.01
1124.0,23.01
1125.0,23.01
1126.0,23.01
1127.0,23.01
1128.0,23.01
1129.0,23.01
1130.0,23.01
1131.0,23.01
1132.0,23.01
1133.0,23.01
1134.0,23.01
1135.0,23.01
1136.0,23.01
1137.0,23.01
1138.0,23.01
1139.0,23.01
1140.0,23.01
1141.0,23.01
1142.0,23.01
1143.0,23.01
1144.0,23.01
1145.0,23.01
1146.0,23.01
1147.0,23.01
1148.0,23.01
1149.0,23.01
1150.0,23.01
1151.0,23.01
1152.0,23.01
1153.0,23.01
1154.0,23.01
1155.0,23.01
1156.0,23.01
1157.0,23.01
1158.0,23.01
1159.0,23.01
1160.0,23.01
1161.0,23.01
1162.0,23.01
1163.0,23.01
1164.0,23.01
1165.0,23.01
1166.0,23.01
1167.0,23.01
1168.0,23.01
1169.0,23.01
1170.0,23.01
1171.0,23.01
1172.0,23.01
1173.0,23.01
1174.0,23.01
1175.0,23.01
1176.0,23.01
1177.0,23.01
1178.0,23.01
1179.0,23.01
1180.0,23.01
1181.0,23.01
1182.0,23.01
1183.0,23.01
1184.0,23.01
1185.0,23.01
1186.0,23.01
1187.0,23.01
1188.0,23.01
1189.0,23.01
1190.0,23.01
1191.0,23.01
1192.0,23.01
1193.0,23.01
1194.0,23.01
1195.0,23.01
1196.0,23.01
1197.0,23.01
1198.0,23.01
1199.0,23.01
1200.0,23.01
1201.0,23.01
1202.0,23.01
1203.0,23.01
1204.0,23.01
1205.0,23.01
1206.0,23.01
1207.0,23.01
1208.0,23.01
1209.0,23.01
1210.0,23.01
1211.0,23.01
1212.0,23.01
1213.0,23.01
1214.0,23.01
1215.0,23.01
1216.0,23.01
1217.0,23.01
1218.0,23.01
1219.0,23.01
1220.0,23.01
1221.0,23.01
1222.0,23.01
1223.0,23.01
1224.0,23.01
1225.0,23.01
1226.0,23.01
1227.0,23.01
1228.0,23.01
1229.0,23.01
1230.0,23.01
1231.0,23.01
1232.0,23.01
1233.0,23.01
1234.0,23.01
1235.0,23.01
1236.0,23.01
1237.0,23.01
1238.0,23.01
1239.0,23.01
1240.0,23.01
1241.0,23.01
1242.0,23.01
1243.0,23.01
1244.0,23.01
1245.0,23.01
1246.0,23.01
1247.0,23.01
1248.0,23.01
1249.0,23.01
1250.0,23.01
1251.0,23.01
1252.0,23.01
1253.0,23.01
1254.0,23.01
1255.0,23.01
1256.0,23.01
1257.0,23.01
1258.0,23.01
1259.0,23.01
1260.0,23.01
1261.0,23.01
1262.0,23.01
1263.0,23.01
1264.0,23.01
1265.0,23.01
1266.0,23.01
1267.0,23.01
1268.0,23.01
1269.0,23.01
1270.0,23.01
1271.0,23.01
1272.0,23.01
1273.0,23.01
1274.0,23.01
1275.0,23.01
1276.0,23.01
1277.0,23.01
1278.0,23.01
1279.0,23.01
1280.0,23.01
1281.0,23.01
1282.0,23.01
1283.0,23.01
1284.0,23.01
1285.0,23.01
1286.0,23.01
1287.0,23.01
1288.0,23.01
1289.0,23.01
1290.0,23.01
1291.0,23.01
1292.0,23.01
1293.0,23.01
1294.0,23.01
1295.0,23.01
1296.0,23.01
1297.0,23.01
1298.0,23.01
1299.0,23.01
1300.0,23.01
1301.0,23.01
1302.0,23.01
1303.0,23.01
1304.0,23.01
1305.0,23.01
1306.0,23.01
1307.0,23.01
1308.0,23.01
1309.0,23.01
1310.0,23.01
1311.0,23.01
1312.0,23.01
1313.0,23.01
1314.0,23.01
1315.0,23.01
1316.0,23.01
1317.0,23.01
1318.0,23.01
1319.0,23.01
1320.0,23.01
1321.0,23.01
1322.0,23.01
1323.0,23.01
1324.0,23.01
1325.0,23.01
1326.0,23.01
1327.0,23.01
1328.0,23.01
1329.0,23.01
1330.0,23.01
1331.0,23.01
1332.0,23.01
1333.0,23.01
1334.0,23.01
1335.0,23.01
1336.0,23.01
1337.0,23.01
1338.0,23.01
1339.0,23.01
1340.0,23.01
1341.0,23.01
1342.0,23.01
1343.0,23.01
1344.0,23.01
1345.0,23.01
1346.0,23.01
1347.0,23.01
1348.0,23.01
1349.0,23.01
1350.0,23.01
1351.0,23.01
1352.0,23.01
1353.0,23.01
1354.0,23.01
1355.0,23.01
1356.0,23.01
1357.0,23.01
1358.0,23.01
1359.0,23.01
1360.0,23.01
1361.0,23.01
1362.0,23.01
1363.0,23.01
1364.0,23.01
1365.0,23.01
1366.0,23.01
1367.0,23.01
1368.0,23.01
1369.0,23.01
1370.0,23.01
1371.0,23.01
1372.0,23.01
1373.0,23.01
1374.0,23.01
1375.0,23.01
1376.0,23.01
1377.0,23.01
1378.0,23.01
1379.0,23.01
1380.0,23.01
1381.0,23.01
1382.0,23.01
1383.0,23.01
1384.0,23.01
1385.0,23.01
1386.0,23.01
1387.0,23.01
1388.0,23.01
1389.0,23.01
1390.0,23.01
1391.0,23.01
1392.0,23.01
1393.0,23.01
1394.0,23.01
1395.0,23.01
1396.0,23.01
1397.0,23.01
1398.0,23.01
1399.0,23.01
1400.0,23.01
1401.0,23.01
1402.0,23.01
1403.0,23.01
1404.0,23.01
1405.0,23.01
1406.0,23.01
1407.0,23.01
1408.0,23.01
1409.0,23.01
1410.0,23.01
1411.0,23.01
1412.0,23.01
1413.0,23.01
1414.0,23.01
1415.0,23.01
1416.0,23.01
1417.0,23.01
1418.0,23.01
1419.0,23.01
1420.0,23.01
1421.0,23.01
1422.0,23.01
1423.0,23.0
1424.0,23.0
1425.0,23.0
1426.0,23.0
1427.0,23.0
1428.0,23.0
1429.0,23.0
1430.0,23.0
1431.0,23.0
1432.0,23.0
1433.0,23.0
1434.0,23.0
1435.0,23.0
1436.0,23.0
1437.0,23.0
1438.0,23.0
1439.0,23.0
1440.0,23.0
1441.0,23.0
1442.0,23.0
1443.0,22.61
1444.0,22.61
1445.0,22.61
1446.0,22.61
1447.0,22.61
1448.0,22.61
1449.0,22.61
1450.0,22.61
1451.0,22.61
1452.0,22.61
1453.0,22.61
1454.0,22.61
1455.0,22.61
1456.0,22.61
1457.0,22.61
1458.0,22.61
1459.0,22.61
1460.0,22.61
1461.0,22.61
1462.0,22.61
1463.0,22.61
1464.0,22.61
1465.0,22.61
1466.0,22.61
1467.0,22.61
1468.0,22.61
1469.0,22.61
1470.0,22.61
1471.0,22.61
1472.0,22.61
1473.0,22.61
1474.0,22.61
1475.0,22.61
1476.0,22.61
1477.0,22.61
1478.0,22.61
1479.0,22.61
1480.0,22.61
1481.0,22.61
1482.0,22.61
1483.0,22.61
1484.0,22.61
1485.0,22.61
1486.0,22.61
1487.0,22.61
1488.0,22.61
1489.0,22.61
1490.0,22.61
1491.0,22.61
1492.0,22.61
1493.0,22.61
1494.0,22.61
1495.0,22.61
1496.0,22.61
1497.0,22.61
1498.0,22.61
1499.0,22.61
1500.0,22.61
1501.0,22.61
1502.0,22.61
1503.0,22.61
1504.0,22.61
1505.0,22.61
1506.0,22.61
1507.0,22.61
1508.0,22.61
1509.0,22.61
1510.0,22.61
1511.0,22.61
1512.0,22.61
1513.0,22.61
1514.0,22.61
1515.0,22.61
1516.0,22.61
1517.0,22.61
1518.0,22.61
1519.0,22.61
1520.0,22.61
1521.0,22.61
1522.0,22.61
1523.0,22.61
1524.0,22.61
1525.0,22.61
1526.0,22.61
1527.0,22.61
1528.0,22.61
1529.0,22.61
1530.0,22.61
1531.0,22.61
1532.0,22.61
1533.0,22.61
1534.0,22.61
1535.0,22.61
1536.0,22.61
1537.0,22.61
1538.0,22.61
1539.0,22.61
1540.0,22.61
1541.0,22.61
1542.0,22.61
1543.0,22.61
1544.0,22.61
1545.0,22.61
1546.0,22.61
1547.0,22.61
1548.0,22.61
1549.0,22.61
1550.0,22.61
1551.0,22.61
1552.0,22.61
1553.0,22.61
1554.0,22.61
1555.0,22.61
1556.0,22.61
1557.0,22.61
1558.0,22.61
1559.0,22.61
1560.0,22.61
1561.0,22.61
1562.0,22.61
1563.0,22.61
1564.0,22.61
1565.0,22.61
1566.0,22.61
1567.0,22.61
1568.0,22.61
1569.0,22.61
1570.0,22.61
1571.0,22.61
1572.0,22.61
1573.0,22.61
1574.0,22.61
1575.0,22.61
1576.0,22.61
1577.0,22.61
1578.0,22.61
1579.0,22.61
1580.0,22.61
1581.0,22.61
1582.0,22.61
1583.0,22.61
1584.0,22.61
1585.0,22.61
1586.0,22.61
1587.0,22.61
1588.0,22.61
1589.0,22.61
1590.0,22.61
1591.0,22.61
1592.0,22.61
1593.0,22.61
1594.0,22.61
1595.0,22.61
1596.0,22.61
1597.0,22.61
1598.0,22.61
1599.0,22.61
1600.0,22.61
1601.0,22.61
1602.0,22.61
1603.0,22.61
1604.0,22.61
1605.0,22.61
1606.0,22.61
1607.0,22.61
1608.0,22.61
1609.0,22.61
1610.0,22.61
1611.0,22.61
1612.0,22.61
1613.0,22.61
1614.0,22.61
1615.0,22.61
1616.0,22.61
1617.0,22.61
1618.0,22.61
1619.0,22.61
1620.0,22.61
1621.0,22.61
1622.0,22.61
1623.0,22.61
1624.0,22.61
1625.0,22.61
1626.0,22.61
1627.0,22.61
1628.0,22.61
1629.0,22.61
1630.0,22.61
1631.0,22.61
1632.0,22.61
1633.0,22.61
1634.0,22.61
1635.0,22.61
1636.0,22.61
1637.0,22.61
1638.0,22.61
1639.0,22.61
1640.0,22.61
1641.0,22.61
1642.0,22.61
1643.0,22.61
1644.0,22.61
1645.0,22.61
1646.0,22.61
1647.0,22.61
1648.0,22.61
1649.0,22.61
1650.0,22.61
1651.0,22.61
1652.0,22.61
1653.0,22.61
1654.0,22.61
1655.0,22.61
1656.0,22.61
1657.0,22.61
1658.0,22.61
1659.0,22.61
1660.0,22.61
1661.0,22.61
1662.0,22.61
1663.0,22.61
1664.0,22.61
1665.0,22.61
1666.0,22.61
1667.0,22.61
1668.0,22.61
1669.0,22.61
1670.0,22.61
1671.0,22.61
1672.0,22.61
1673.0,22.61
1674.0,22.61
1675.0,22.61
1676.0,22.61
1677.0,22.61
1678.0,22.61
1679.0,22.61
1680.0,22.61
1681.0,22.61
1682.0,22.61
1683.0,22.61
1684.0,22.61
1685.0,22.61
1686.0,22.61
1687.0,22.61
1688.0,22.61
1689.0,22.61
1690.0,22.61
1691.0,22.61
1692.0,22.61
1693.0,22.61
1694.0,22.61
1695.0,22.61
1696.0,22.61
1697.0,22.61
1698.0,22.61
1699.0,22.61
1700.0,22.61
1701.0,22.61
1702.0,22.61
1703.0,22.61
1704.0,22.61
1705.0,22.61
1706.0,22.61
1707.0,22.61
1708.0,22.61
1709.0,22.61
1710.0,22.61
1711.0,22.61
1712.0,22.61
1713.0,22.61
1714.0,22.61
1715.0,22.61
1716.0,22.61
1717.0,22.61
1718.0,22.61
1719.0,22.61
1720.0,22.61
1721.0,22.61
1722.0,22.61
1723.0,22.61
1724.0,22.61
1725.0,22.61
1726.0,22.61
1727.0,22.61
1728.0,22.61
1729.0,22.61
1730.0,22.61
1731.0,22.61
1732.0,22.61
1733.0,22.61
1734.0,22.61
1735.0,22.61
1736.0,22.61
1737.0,22.61
1738.0,22.61
1739.0,22.61
1740.0,22.61
1741.0,22.61
1742.0,22.61
1743.0,22.61
1744.0,22.61
1745.0,22.61
1746.0,22.61
1747.0,22.61
1748.0,22.61
1749.0,22.61
1750.0,22.61
1751.0,22.61
1752.0,22.61
1753.0,22.61
1754.0,22.61
1755.0,22.61
1756.0,22.61
1757.0,22.61
1758.0,22.61
1759.0,22.61
1760.0,22.61
1761.0,22.61
1762.0,22.61
1763.0,22.61
1764.0,22.61
1765.0,22.61
1766.0,22.61
1767.0,22.61
1768.0,22.61
1769.0,22.61
1770.0,22.61
1771.0,22.61
1772.0,22.61
1773.0,22.61
1774.0,22.61
1775.0,22.61
1776.0,22.61
1777.0,22.61
1778.0,22.61
1779.0,22.61
1780.0,22.61
1781.0,22.61
1782.0,22.61
1783.0,22.61
1784.0,22.61
1785.0,22.61
1786.0,22.61
1787.0,22.61
1788.0,22.61
1789.0,22.61
1790.0,22.61
1791.0,22.61
1792.0,22.61
1793.0,22.61
1794.0,22.61
1795.0,22.61
1796.0,22.61
1797.0,22.61
1798.0,22.61
1799.0,22.61
1800.0,22.61
1801.0,22.61
1802.0,22.61
1803.0,22.61
1804.0,22.61
1805.0,22.61
1806.0,22.61
1807.0,22.61
1808.0,22.61
1809.0,22.61
1810.0,22.61
1811.0,22.61
1812.0,22.61
1813.0,22.61
1814.0,22.61
1815.0,22.61
1816.0,22.61
1817.0,22.61
1818.0,22.61
1819.0,22.61
1820.0,22.61
1821.0,22.61
1822.0,22.61
1823.0,22.61
1824.0,22.61
1825.0,22.61
1826.0,22.61
1827.0,22.61
1828.0,22.61
1829.0,22.61
1830.0,22.61
1831.0,22.61
1832.0,22.61
1833.0,22.61
1834.0,22.61
1835.0,22.61
1836.0,22.61
1837.0,22.61
1838.0,22.61
1839.0,22.61
1840.0,22.61
1841.0,22.61
1842.0,22.61
1843.0,22.61
1844.0,22.61
1845.0,22.61
1846.0,22.61
1847.0,22.61
1848.0,22.61
1849.0,22.61
1850.0,22.61
1851.0,22.61
1852.0,22.61
1853.0,22.61
1854.0,22.61
1855.0,22.61
1856.0,22.61
1857.0,22.61
1858.0,22.61
1859.0,22.61
1860.0,22.61
1861.0,22.61
1862.0,22.61
1863.0,22.61
1864.0,22.61
1865.0,22.61
1866.0,22.61
1867.0,22.61
1868.0,22.61
1869.0,22.61
1870.0,22.61
1871.0,22.61
1872.0,22.61
1873.0,22.61
1874.0,22.61
1875.0,22.61
1876.0,22.61
1877.0,22.61
1878.0,22.61
1879.0,22.61
1880.0,22.61
1881.0,22.61
1882.0,22.61
1883.0,22.61
1884.0,22.61
1885.0,22.61
1886.0,22.61
1887.0,22.61
1888.0,22.61
1889.0,22.61
1890.0,22.61
1891.0,22.61
1892.0,22.61
1893.0,22.61
1894.0,22.61
1895.0,22.61
1896.0,22.61
1897.0,22.61
1898.0,22.61
1899.0,22.61
1900.0,22.61
1901.0,22.61
1902.0,22.61
1903.0,22.61
1904.0,22.61
1905.0,22.61
1906.0,22.61
1907.0,22.61
1908.0,22.61
1909.0,22.61
1910.0,22.61
1911.0,22.61
1912.0,22.61
1913.0,22.61
1914.0,22.61
1915.0,22.5
1916.0,22.5
1917.0,22.5
1918.0,22.5
1919.0,22.5
1920.0,22.5
1921.0,22.5
1922.0,22.5
1923.0,22.5
1924.0,22.5
1925.0,22.5
1926.0,22.5
1927.0,22.5
1928.0,22.5
1929.0,22.5
1930.0,22.5
1931.0,22.5
1932.0,22.5
1933.0,22.5
1934.0,22.5
1935.0,22.5
1936.0,22.5
1937.0,22.5
1938.0,22.37
1939.0,22.37
1940.0,22.37
1941.0,22.37
1942.0,22.37
1943.0,22.37
1944.0,22.37
1945.0,22.37
1946.0,22.37
1947.0,22.37
1948.0,22.37
1949.0,22.37
1950.0,22.37
1951.0,22.37
1952.0,22.37
1953.0,22.37
1954.0,22.37
1955.0,22.37
1956.0,22.37
1957.0,22.37
1958.0,22.37
1959.0,22.37
1960.0,22.37
1961.0,22.37
1962.0,22.37
1963.0,22.37
1964.0,22.37
1965.0,22.37
1966.0,22.37
1967.0,22.37
1968.0,22.37
1969.0,22.37
1970.0,22.37
1971.0,22.37
1972.0,22.37
1973.0,22.37
1974.0,22.37
1975.0,22.37
1976.0,22.37
1977.0,22.37
1978.0,22.37
1979.0,22.37
1980.0,22.37
1981.0,22.37
1982.0,22.37
1983.0,22.37
1984.0,22.37
1985.0,22.37
1986.0,22.37
1987.0,22.37
1988.0,22.37
1989.0,22.37
1990.0,22.37
1991.0,22.37
1992.0,22.37
1993.0,22.37
1994.0,22.37
1995.0,22.37
1996.0,22.37
1997.0,22.37
1998.0,22.37
1999.0,22.37
2000.0,22.37
2001.0,22.37
2002.0,22.37
2003.0,22.37
2004.0,22.37
2005.0,22.37
2006.0,22.37
2007.0,22.37
2008.0,22.37
2009.0,22.37
2010.0,22.37
2011.0,22.37
2012.0,22.37
2013.0,22.37
2014.0,22.37
2015.0,22.37
2016.0,22.37
2017.0,22.37
2018.0,22.37
2019.0,22.37
2020.0,22.37
2021.0,22.37
2022.0,22.37
2023.0,22.37
2024.0,22.37
2025.0,22.37
2026.0,22.37
2027.0,22.37
2028.0,22.37
2029.0,22.37
2030.0,22.37
2031.0,22.37
2032.0,22.37
2033.0,22.37
2034.0,22.37
2035.0,22.37
2036.0,22.37
2037.0,22.37
2038.0,22.37
2039.0,22.37
2040.0,22.37
2041.0,22.37
2042.0,22.37
2043.0,22.37
2044.0,22.37
2045.0,22.37
2046.0,22.37
2047.0,22.37
2048.0,22.37
2049.0,22.37
2050.0,22.37
2051.0,22.37
2052.0,22.37
2053.0,22.37
2054.0,22.37
2055.0,22.37
2056.0,22.37
2057.0,22.37
2058.0,22.37
2059.0,22.37
2060.0,22.37
2061.0,22.37
2062.0,22.37
2063.0,22.37
2064.0,22.37
2065.0,22.37
2066.0,22.37
2067.0,22.37
2068.0,22.37
2069.0,22.37
2070.0,22.37
2071.0,22.37
2072.0,22.37
2073.0,22.37
2074.0,22.37
2075.0,22.37
2076.0,22.37
2077.0,22.37
2078.0,22.37
2079.0,22.37
2080.0,22.37
2081.0,22.37
2082.0,22.37
2083.0,22.37
2084.0,22.37
2085.0,22.37
2086.0,22.37
2087.0,22.37
2088.0,22.37
2089.0,22.37
2090.0,22.37
2091.0,22.37
2092.0,22.37
2093.0,22.37
2094.0,22.37
2095.0,22.37
2096.0,22.37
2097.0,22.37
2098.0,22.37
2099.0,22.37
2100.0,22.37
2101.0,22.37
2102.0,22.37
2103.0,22.37
2104.0,22.37
2105.0,22.37
2106.0,22.37
2107.0,22.37
2108.0,22.37
2109.0,22.37
2110.0,22.37
2111.0,22.37
2112.0,22.37
2113.0,22.37
2114.0,22.37
2115.0,22.37
2116.0,22.37
2117.0,22.37
2118.0,22.37
2119.0,22.37
2120.0,22.37
2121.0,22.37
2122.0,22.37
2123.0,22.37
2124.0,22.37
2125.0,22.37
2126.0,22.37
2127.0,22.37
2128.0,22.37
2129.0,22.37
2130.0,22.37
2131.0,22.37
2132.0,22.37
2133.0,22.37
2134.0,22.37
2135.0,22.37
2136.0,22.37
2137.0,22.37
2138.0,22.37
2139.0,22.37
2140.0,22.37
2141.0,22.37
2142.0,22.37
2143.0,22.37
2144.0,22.37
2145.0,22.37
2146.0,22.37
2147.0,22.37
2148.0,22.37
2149.0,22.37
2150.0,22.37
2151.0,22.37
2152.0,22.37
2153.0,22.37
2154.0,22.37
2155.0,22.37
2156.0,22.37
2157.0,22.37
2158.0,22.37
2159.0,22.37
2160.0,22.37
2161.0,22.37
2162.0,22.37
2163.0,22.37
2164.0,22.37
2165.0,22.37
2166.0,22.37
2167.0,22.37
2168.0,22.37
2169.0,22.37
2170.0,22.37
2171.0,22.37
2172.0,22.37
2173.0,22.37
2174.0,22.37
2175.0,22.37
2176.0,22.37
2177.0,22.37
2178.0,22.37
2179.0,22.37
2180.0,22.37
2181.0,22.37
2182.0,22.37
2183.0,22.37
2184.0,22.37
2185.0,22.37
2186.0,22.37
2187.0,22.37
2188.0,22.37
2189.0,22.37
2190.0,22.37
2191.0,22.37
2192.0,22.37
2193.0,22.37
2194.0,22.37
2195.0,22.37
2196.0,22.37
2197.0,22.37
2198.0,22.37
2199.0,22.37
2200.0,22.37
2201.0,22.37
2202.0,22.37
2203.0,22.37
2204.0,22.37
2205.0,22.37
2206.0,22.37
2207.0,22.37
2208.0,22.37
2209.0,22.37
2210.0,22.37
2211.0,22.37
2212.0,22.37
2213.0,22.37
2214.0,22.37
2215.0,22.37
2216.0,22.37
2217.0,22.37
2218.0,22.37
2219.0,22.37
2220.0,22.37
2221.0,22.37
2222.0,22.37
2223.0,22.37
2224.0,22.37
2225.0,22.37
2226.0,22.37
2227.0,22.37
2228.0,22.37
2229.0,22.37
2230.0,22.37
2231.0,22.37
2232.0,22.37
2233.0,22.37
2234.0,22.37
2235.0,22.37
2236.0,22.37
2237.0,22.37
2238.0,22.37
2239.0,22.37
2240.0,22.37
2241.0,22.37
2242.0,22.37
2243.0,22.37
2244.0,22.37
2245.0,22.37
2246.0,22.37
2247.0,22.37
2248.0,22.37
2249.0,22.37
2250.0,22.37
2251.0,22.37
2252.0,22.37
2253.0,22.37
2254.0,22.37
2255.0,22.37
2256.0,22.37
2257.0,22.37
2258.0,22.37
2259.0,22.37
2260.0,22.37
2261.0,22.37
2262.0,22.37
2263.0,22.37
2264.0,22.37
2265.0,22.37
2266.0,22.37
2267.0,22.37
2268.0,22.37
2269.0,22.37
2270.0,22.37
2271.0,22.37
2272.0,22.37
2273.0,22.37
2274.0,22.37
2275.0,22.37
2276.0,22.37
2277.0,22.37
2278.0,22.37
2279.0,22.37
2280.0,22.37
2281.0,22.37
2282.0,22.37
2283.0,22.37
2284.0,22.37
2285.0,22.37
2286.0,22.37
2287.0,22.37
2288.0,22.37
2289.0,22.37
2290.0,22.37
2291.0,22.37
2292.0,22.37
2293.0,22.37
2294.0,22.37
2295.0,22.37
2296.0,22.37
2297.0,22.37
2298.0,22.37
2299.0,22.37
2300.0,22.37
2301.0,22.37
2302.0,22.37
2303.0,22.37
2304.0,22.37
2305.0,22.37
2306.0,22.37
2307.0,22.37
2308.0,22.37
2309.0,22.37
2310.0,22.37
2311.0,22.37
2312.0,22.37
2313.0,22.37
2314.0,22.37
2315.0,22.37
2316.0,22.37
2317.0,22.37
2318.0,22.37
2319.0,22.37
2320.0,22.37
2321.0,22.37
2322.0,22.37
2323.0,22.37
2324.0,22.37
2325.0,22.37
2326.0,22.37
2327.0,22.37
2328.0,22.37
2329.0,22.37
2330.0,22.37
2331.0,22.37
2332.0,22.37
2333.0,22.37
2334.0,22.37
2335.0,22.37
2336.0,22.37
2337.0,22.37
2338.0,22.37
2339.0,22.37
2340.0,22.37
2341.0,22.37
2342.0,22.37
2343.0,22.37
2344.0,22.37
2345.0,22.37
2346.0,22.37
2347.0,22.37
2348.0,22.37
2349.0,22.37
2350.0,22.37
2351.0,22.37
2352.0,22.37
2353.0,22.37
2354.0,22.37
2355.0,22.37
2356.0,22.37
2357.0,22.37
2358.0,22.37
2359.0,22.37
2360.0,22.37
2361.0,22.37
2362.0,22.37
2363.0,22.37
2364.0,22.37
2365.0,22.37
2366.0,22.37
2367.0,22.37
2368.0,22.37
2369.0,22.37
2370.0,22.37
2371.0,22.37
2372.0,22.37
2373.0,22.25
2374.0,22.25
2375.0,22.25
2376.0,22.25
2377.0,22.25
2378.0,22.25
2379.0,22.25
2380.0,22.25
2381.0,22.25
2382.0,22.25
2383.0,22.25
2384.0,22.25
2385.0,22.25
2386.0,22.25
2387.0,22.25
2388.0,22.25
2389.0,22.25
2390.0,22.25
2391.0,22.25
2392.0,22.25
2393.0,22.25
2394.0,22.25
2395.0,22.25
2396.0,22.25
2397.0,22.25
2398.0,22.25
2399.0,22.25
2400.0,22.25
2401.0,22.25
2402.0,22.25
2403.0,22.25
2404.0,22.15
2405.0,22.15
2406.0,22.15
2407.0,22.15
2408.0,22.15
2409.0,22.15
2410.0,22.15
2411.0,22.15
2412.0,22.15
2413.0,22.15
2414.0,22.15
2415.0,22.15
2416.0,22.15
2417.0,22.15
2418.0,22.15
2419.0,22.15
2420.0,22.15
2421.0,22.15
2422.0,22.15
2423.0,22.15
2424.0,22.15
2425.0,22.15
2426.0,22.15
2427.0,22.15
2428.0,22.15
2429.0,22.15
2430.0,22.15
2431.0,22.15
2432.0,22.15
2433.0,22.15
2434.0,22.15
2435.0,22.15
2436.0,22.15
2437.0,22.15
2438.0,22.15
2439.0,22.15
2440.0,22.15
2441.0,22.15
2442.0,22.15
2443.0,22.15
2444.0,22.15
2445.0,22.15
2446.0,22.15
2447.0,22.15
2448.0,22.15
2449.0,22.15
2450.0,22.15
2451.0,22.15
2452.0,22.15
2453.0,22.15
2454.0,22.15
2455.0,22.15
2456.0,22.15
2457.0,22.15
2458.0,22.15
2459.0,22.15
2460.0,22.15
2461.0,22.15
2462.0,22.15
2463.0,22.15
2464.0,22.15
2465.0,22.15
2466.0,22.15
2467.0,22.15
2468.0,22.15
2469.0,22.15
2470.0,22.15
2471.0,22.15
2472.0,22.15
2473.0,22.15
2474.0,22.15
2475.0,22.15
2476.0,22.15
2477.0,22.15
2478.0,22.15
2479.0,22.15
2480.0,22.15
2481.0,22.15
2482.0,22.15
2483.0,22.15
2484.0,22.15
2485.0,22.15
2486.0,22.15
2487.0,22.15
2488.0,22.15
2489.0,22.15
2490.0,22.15
2491.0,22.15
2492.0,22.15
2493.0,22.15
2494.0,22.15
2495.0,22.15
2496.0,22.15
2497.0,22.15
2498.0,22.15
2499.0,22.15
2500.0,22.15
2501.0,22.15
2502.0,22.15
2503.0,22.15
2504.0,22.15
2505.0,22.15
2506.0,22.15
2507.0,22.15
2508.0,22.15
2509.0,22.15
2510.0,22.15
2511.0,22.15
2512.0,22.15
2513.0,22.15
2514.0,22.15
2515.0,22.15
2516.0,22.15
2517.0,22.15
2518.0,22.15
2519.0,22.15
2520.0,22.15
2521.0,22.15
2522.0,22.15
2523.0,22.15
2524.0,22.15
2525.0,22.15
2526.0,22.15
2527.0,22.15
2528.0,22.15
2529.0,22.15
2530.0,22.15
2531.0,22.0
2532.0,22.0
2533.0,22.0
2534.0,22.0
2535.0,22.0
2536.0,22.0
2537.0,22.0
2538.0,22.0
2539.0,22.0
2540.0,22.0
2541.0,22.0
2542.0,22.0
2543.0,22.0
2544.0,22.0
2545.0,22.0
2546.0,22.0
2547.0,22.0
2548.0,22.0
2549.0,22.0
2550.0,22.0
2551.0,22.0
2552.0,22.0
2553.0,22.0
2554.0,22.0
2555.0,22.0
2556.0,22.0
2557.0,22.0
2558.0,22.0
2559.0,22.0
2560.0,22.0
2561.0,22.0
2562.0,22.0
2563.0,22.0
2564.0,22.0
2565.0,22.0
2566.0,22.0
2567.0,22.0
2568.0,22.0
2569.0,22.0
2570.0,22.0
2571.0,22.0
2572.0,22.0
2573.0,22.0
2574.0,22.0
2575.0,22.0
2576.0,22.0
2577.0,22.0
2578.0,22.0
2579.0,22.0
2580.0,22.0
2581.0,22.0
2582.0,22.0
2583.0,22.0
2584.0,22.0
2585.0,22.0
2586.0,22.0
2587.0,22.0
2588.0,22.0
2589.0,22.0
2590.0,22.0
2591.0,22.0
2592.0,22.0
2593.0,22.0
2594.0,22.0
2595.0,22.0
2596.0,22.0
2597.0,22.0
2598.0,22.0
2599.0,22.0
2600.0,22.0
2601.0,22.0
2602.0,21.94
2603.0,21.94
2604.0,21.94
2605.0,21.94
2606.0,21.94
2607.0,21.94
2608.0,21.94
2609.0,21.94
2610.0,21.94
2611.0,21.94
2612.0,21.94
2613.0,21.94
2614.0,21.94
2615.0,21.94
2616.0,21.94
2617.0,21.94
2618.0,21.94
2619.0,21.94
2620.0,21.94
2621.0,21.94
2622.0,21.94
2623.0,21.94
2624.0,21.94
2625.0,21.94
2626.0,21.94
2627.0,21.94
2628.0,21.94
2629.0,21.94
2630.0,21.94
2631.0,21.94
2632.0,21.94
2633.0,21.94
2634.0,21.94
2635.0,21.94
2636.0,21.94
2637.0,21.94
2638.0,21.94
2639.0,21.94
2640.0,21.94
2641.0,21.94
2642.0,21.94
2643.0,21.94
2644.0,21.94
2645.0,21.94
2646.0,21.94
2647.0,21.94
2648.0,21.94
2649.0,21.94
2650.0,21.94
2651.0,21.94
2652.0,21.94
2653.0,21.94
2654.0,21.94
2655.0,21.94
2656.0,21.94
2657.0,21.94
2658.0,21.94
2659.0,21.94
2660.0,21.94
2661.0,21.94
2662.0,21.94
2663.0,21.94
2664.0,21.94
2665.0,21.94
2666.0,21.94
2667.0,21.94
2668.0,21.94
2669.0,21.94
2670.0,21.94
2671.0,21.94
2672.0,21.94
2673.0,21.94
2674.0,21.94
2675.0,21.94
2676.0,21.94
2677.0,21.94
2678.0,21.94
2679.0,21.94
2680.0,21.94
2681.0,21.94
2682.0,21.94
2683.0,21.94
2684.0,21.94
2685.0,21.94
2686.0,21.94
2687.0,21.94
2688.0,21.94
2689.0,21.94
2690.0,21.94
2691.0,21.94
2692.0,21.94
2693.0,21.94
2694.0,21.94
2695.0,21.94
2696.0,21.94
2697.0,21.94
2698.0,21.94
2699.0,21.94
2700.0,21.94
2701.0,21.94
2702.0,21.94
2703.0,21.94
2704.0,21.94
2705.0,21.94
2706.0,21.94
2707.0,21.94
2708.0,21.94
2709.0,21.94
2710.0,21.94
2711.0,21.94
2712.0,21.94
2713.0,21.94
2714.0,21.94
2715.0,21.94
2716.0,21.94
2717.0,21.94
2718.0,21.94
2719.0,21.94
2720.0,21.94
2721.0,21.94
2722.0,21.94
2723.0,21.94
2724.0,21.94
2725.0,21.94
2726.0,21.94
2727.0,21.75
2728.0,21.75
2729.0,21.75
2730.0,21.75
2731.0,21.75
2732.0,21.75
2733.0,21.75
2734.0,21.75
2735.0,21.75
2736.0,21.75
2737.0,21.75
2738.0,21.75
2739.0,21.75
2740.0,21.75
2741.0,21.75
2742.0,21.75
2743.0,21.75
2744.0,21.75
2745.0,21.75
2746.0,21.75
2747.0,21.75
2748.0,21.5
2749.0,21.5
2750.0,21.5
2751.0,21.5
2752.0,21.5
2753.0,21.5
2754.0,21.5
2755.0,21.5
2756.0,21.5
2757.0,21.5
2758.0,21.5
2759.0,21.5
2760.0,21.5
2761.0,21.5
2762.0,21.5
2763.0,21.5
2764.0,21.5
2765.0,21.5
2766.0,21.5
2767.0,21.5
2768.0,21.5
2769.0,21.5
2770.0,21.5
2771.0,21.5
2772.0,21.5
2773.0,21.5
2774.0,21.5
2775.0,21.5
2776.0,21.5
2777.0,21.5
2778.0,21.5
2779.0,21.5
2780.0,21.5
2781.0,21.5
2782.0,21.5
2783.0,21.5
2784.0,21.5
2785.0,21.5
2786.0,21.5
2787.0,21.5
2788.0,21.5
2789.0,21.5
2790.0,21.5
2791.0,21.5
2792.0,21.5
2793.0,21.5
2794.0,21.5
2795.0,21.5
2796.0,21.5
2797.0,21.5
2798.0,21.5
2799.0,21.5
2800.0,21.5
2801.0,21.5
2802.0,21.5
2803.0,21.5
2804.0,21.5
2805.0,21.5
2806.0,21.5
2807.0,21.5
2808.0,21.5
2809.0,21.5
2810.0,21.5
2811.0,21.5
2812.0,21.5
2813.0,21.5
2814.0,21.5
2815.0,21.5
2816.0,21.5
2817.0,21.5
2818.0,21.5
2819.0,21.5
2820.0,21.5
2821.0,21.5
2822.0,21.5
2823.0,21.5
2824.0,21.5
2825.0,21.5
2826.0,21.5
2827.0,21.5
2828.0,21.5
2829.0,21.5
2830.0,21.5
2831.0,21.5
2832.0,21.5
2833.0,21.5
2834.0,21.5
2835.0,21.5
2836.0,21.5
2837.0,21.5
2838.0,21.5
2839.0,21.5
2840.0,21.5
2841.0,21.5
2842.0,21.5
2843.0,21.5
2844.0,21.5
2845.0,21.5
2846.0,21.5
2847.0,21.5
2848.0,21.5
2849.0,21.5
2850.0,21.5
2851.0,21.5
2852.0,21.5
2853.0,21.5
2854.0,21.5
2855.0,21.5
2856.0,21.5
2857.0,21.5
2858.0,21.5
2859.0,21.5
2860.0,21.5
2861.0,21.5
2862.0,21.5
2863.0,21.5
2864.0,21.5
2865.0,21.5
2866.0,21.5
2867.0,21.5
2868.0,21.5
2869.0,21.5
2870.0,21.5
2871.0,21.5
2872.0,21.5
2873.0,21.5
2874.0,21.5
2875.0,21.5
2876.0,21.5
2877.0,21.5
2878.0,21.5
2879.0,21.5
2880.0,21.5
2881.0,21.5
2882.0,21.5
2883.0,21.5
2884.0,21.5
2885.0,21.5
2886.0,21.5
2887.0,21.5
2888.0,21.5
2889.0,21.5
2890.0,21.5
2891.0,21.5
2892.0,21.5
2893.0,21.5
2894.0,21.5
2895.0,21.5
2896.0,21.5
2897.0,21.5
2898.0,21.5
2899.0,21.5
2900.0,21.5
2901.0,21.5
2902.0,21.5
2903.0,21.5
2904.0,21.5
2905.0,21.5
2906.0,21.5
2907.0,21.5
2908.0,21.5
2909.0,21.5
2910.0,21.5
2911.0,21.5
2912.0,21.5
2913.0,21.5
2914.0,21.5
2915.0,21.5
2916.0,21.5
2917.0,21.5
2918.0,21.5
2919.0,21.5
2920.0,21.5
2921.0,21.5
2922.0,21.5
2923.0,21.5
2924.0,21.5
2925.0,21.5
2926.0,21.5
2927.0,21.5
2928.0,21.5
2929.0,21.5
2930.0,21.5
2931.0,21.5
2932.0,21.5
2933.0,21.5
2934.0,21.5
2935.0,21.5
2936.0,21.5
2937.0,21.5
2938.0,21.5
2939.0,21.5
2940.0,21.5
2941.0,21.5
2942.0,21.5
2943.0,21.5
2944.0,21.5
2945.0,21.5
2946.0,21.5
2947.0,21.5
2948.0,21.5
2949.0,21.5
2950.0,21.5
2951.0,21.5
2952.0,21.5
2953.0,21.5
2954.0,21.5
2955.0,21.5
2956.0,21.5
2957.0,21.5
2958.0,21.5
2959.0,21.5
2960.0,21.5
2961.0,21.5
2962.0,21.5
2963.0,21.5
2964.0,21.5
2965.0,21.5
2966.0,21.5
2967.0,21.5
2968.0,21.5
2969.0,21.5
2970.0,21.5
2971.0,21.5
2972.0,21.5
2973.0,21.5
2974.0,21.5
2975.0,21.5
2976.0,21.5
2977.0,21.5
2978.0,21.5
2979.0,21.5
2980.0,21.5
2981.0,21.5
2982.0,21.5
2983.0,21.5
2984.0,21.5
2985.0,21.5
2986.0,21.5
2987.0,21.5
2988.0,21.5
2989.0,21.5
2990.0,21.5
2991.0,21.5
2992.0,21.5
2993.0,21.5
2994.0,21.5
2995.0,21.5
2996.0,21.5
2997.0,21.5
2998.0,21.5
2999.0,21.5
3000.0,21.5
3001.0,21.5
3002.0,21.5
3003.0,21.5
3004.0,21.5
3005.0,21.5
3006.0,21.5
3007.0,21.5
3008.0,21.5
3009.0,21.5
3010.0,21.5
3011.0,21.5
3012.0,21.5
3013.0,21.5
3014.0,21.5
3015.0,21.5
3016.0,21.5
3017.0,21.5
3018.0,21.5
3019.0,21.5
3020.0,21.5
3021.0,21.5
3022.0,21.5
3023.0,21.5
3024.0,21.5
3025.0,21.5
3026.0,21.5
3027.0,21.5
3028.0,21.5
3029.0,21.5
3030.0,21.5
3031.0,21.5
3032.0,21.5
3033.0,21.5
3034.0,21.5
3035.0,21.5
3036.0,21.5
3037.0,21.5
3038.0,21.5
3039.0,21.5
3040.0,21.5
3041.0,21.5
3042.0,21.5
3043.0,21.5
3044.0,21.5
3045.0,21.5
3046.0,21.5
3047.0,21.5
3048.0,21.5
3049.0,21.5
3050.0,21.5
3051.0,21.5
3052.0,21.5
3053.0,21.5
3054.0,21.5
3055.0,21.5
3056.0,21.5
3057.0,21.5
3058.0,21.5
3059.0,21.5
3060.0,21.5
3061.0,21.5
3062.0,21.5
3063.0,21.5
3064.0,21.5
3065.0,21.5
3066.0,21.5
3067.0,21.5
3068.0,21.5
3069.0,21.5
3070.0,21.5
3071.0,21.5
3072.0,21.5
3073.0,21.5
3074.0,21.5
3075.0,21.5
3076.0,21.5
3077.0,21.5
3078.0,21.5
3079.0,21.5
3080.0,21.5
3081.0,21.5
3082.0,21.5
3083.0,21.5
3084.0,21.5
3085.0,21.5
3086.0,21.5
3087.0,21.5
3088.0,21.5
3089.0,21.5
3090.0,21.5
3091.0,21.5
3092.0,21.5
3093.0,21.5
3094.0,21.5
3095.0,21.5
3096.0,21.5
3097.0,21.5
3098.0,21.5
3099.0,21.5
3100.0,21.5
3101.0,21.5
3102.0,21.5
3103.0,21.5
3104.0,21.5
3105.0,21.5
3106.0,21.5
3107.0,21.5
3108.0,21.5
3109.0,21.5
3110.0,21.5
3111.0,21.5
3112.0,21.5
3113.0,21.5
3114.0,21.5
3115.0,21.5
3116.0,21.5
3117.0,21.5
3118.0,21.5
3119.0,21.5
3120.0,21.5
3121.0,21.5
3122.0,21.5
3123.0,21.5
3124.0,21.5
3125.0,21.5
3126.0,21.5
3127.0,21.5
3128.0,21.5
3129.0,21.5
3130.0,21.5
3131.0,21.5
3132.0,21.5
3133.0,21.5
3134.0,21.5
3135.0,21.5
3136.0,21.5
3137.0,21.5
3138.0,21.18
3139.0,21.18
3140.0,21.18
3141.0,21.18
3142.0,21.18
3143.0,21.18
3144.0,21.18
3145.0,21.18
3146.0,21.18
3147.0,21.18
3148.0,21.18
3149.0,21.18
3150.0,21.18
3151.0,21.18
3152.0,21.18
3153.0,21.18
3154.0,21.18
3155.0,21.18
3156.0,21.18
3157.0,21.18
3158.0,21.18
3159.0,21.18
3160.0,21.18
3161.0,21.18
3162.0,21.18
3163.0,21.18
3164.0,21.18
3165.0,21.18
3166.0,21.18
3167.0,21.18
3168.0,21.18
3169.0,21.18
3170.0,21.18
3171.0,21.18
3172.0,21.18
3173.0,21.18
3174.0,21.18
3175.0,21.18
3176.0,21.18
3177.0,21.18
3178.0,21.18
3179.0,21.18
3180.0,21.18
3181.0,21.18
3182.0,21.18
3183.0,21.18
3184.0,21.18
3185.0,21.18
3186.0,21.18
3187.0,21.18
3188.0,21.18
3189.0,21.18
3190.0,21.18
3191.0,21.08
3192.0,21.08
3193.0,21.08
3194.0,21.08
3195.0,21.08
3196.0,21.08
3197.0,21.08
3198.0,21.08
3199.0,21.08
3200.0,21.08
3201.0,21.08
3202.0,21.08
3203.0,21.08
3204.0,21.08
3205.0,21.08
3206.0,21.08
3207.0,21.08
3208.0,21.08
3209.0,21.08
3210.0,21.08
3211.0,21.08
3212.0,21.08
3213.0,21.08
3214.0,21.08
3215.0,21.08
3216.0,21.08
3217.0,21.08
3218.0,21.08
3219.0,21.08
3220.0,21.08
3221.0,21.08
3222.0,21.08
3223.0,21.08
3224.0,21.08
3225.0,21.08
3226.0,21.08
3227.0,21.08
3228.0,21.08
3229.0,21.08
3230.0,21.08
3231.0,21.08
3232.0,21.08
3233.0,21.08
3234.0,21.08
3235.0,21.08
3236.0,21.08
3237.0,21.08
3238.0,21.08
3239.0,21.08
3240.0,21.08
3241.0,21.08
3242.0,21.08
3243.0,21.0
3244.0,21.0
3245.0,21.0
3246.0,21.0
3247.0,21.0
3248.0,21.0
3249.0,21.0
3250.0,21.0
3251.0,21.0
3252.0,21.0
3253.0,21.0
3254.0,21.0
3255.0,21.0
3256.0,21.0
3257.0,21.0
3258.0,21.0
3259.0,21.0
3260.0,21.0
3261.0,21.0
3262.0,21.0
3263.0,21.0
3264.0,21.0
3265.0,21.0
3266.0,21.0
3267.0,21.0
3268.0,21.0
3269.0,21.0
3270.0,21.0
3271.0,21.0
3272.0,21.0
3273.0,21.0
3274.0,21.0
3275.0,21.0
3276.0,21.0
3277.0,21.0
3278.0,21.0
3279.0,21.0
3280.0,21.0
3281.0,21.0
3282.0,21.0
3283.0,21.0
3284.0,21.0
3285.0,21.0
3286.0,21.0
3287.0,21.0
3288.0,21.0
3289.0,21.0
3290.0,21.0
3291.0,21.0
3292.0,21.0
3293.0,21.0
3294.0,21.0
3295.0,21.0
3296.0,21.0
3297.0,21.0
3298.0,21.0
3299.0,21.0
3300.0,21.0
3301.0,21.0
3302.0,21.0
3303.0,21.0
3304.0,21.0
3305.0,21.0
3306.0,21.0
3307.0,21.0
3308.0,21.0
3309.0,21.0
3310.0,21.0
3311.0,21.0
3312.0,21.0
3313.0,21.0
3314.0,21.0
3315.0,21.0
3316.0,21.0
3317.0,21.0
3318.0,21.0
3319.0,21.0
3320.0,21.0
3321.0,21.0
3322.0,21.0
3323.0,21.0
3324.0,21.0
3325.0,21.0
3326.0,21.0
3327.0,21.0
3328.0,21.0
3329.0,21.0
3330.0,21.0
3331.0,21.0
3332.0,21.0
3333.0,21.0
3334.0,21.0
3335.0,21.0
3336.0,21.0
3337.0,21.0
3338.0,21.0
3339.0,21.0
3340.0,21.0
3341.0,21.0
3342.0,21.0
3343.0,21.0
3344.0,21.0
3345.0,21.0
3346.0,21.0
3347.0,21.0
3348.0,21.0
3349.0,21.0
3350.0,21.0
3351.0,21.0
3352.0,21.0
3353.0,21.0
3354.0,21.0
3355.0,21.0
3356.0,21.0
3357.0,21.0
3358.0,21.0
3359.0,21.0
3360.0,21.0
3361.0,21.0
3362.0,21.0
3363.0,21.0
3364.0,21.0
3365.0,21.0
3366.0,21.0
3367.0,21.0
3368.0,21.0
3369.0,21.0
3370.0,21.0
3371.0,21.0
3372.0,21.0
3373.0,21.0
3374.0,21.0
3375.0,21.0
3376.0,21.0
3377.0,21.0
3378.0,21.0
3379.0,21.0
3380.0,21.0
3381.0,21.0
3382.0,21.0
3383.0,21.0
3384.0,21.0
3385.0,21.0
3386.0,21.0
3387.0,21.0
3388.0,21.0
3389.0,21.0
3390.0,21.0
3391.0,21.0
3392.0,21.0
3393.0,21.0
3394.0,21.0
3395.0,21.0
3396.0,21.0
3397.0,21.0
3398.0,21.0
3399.0,21.0
3400.0,21.0
3401.0,21.0
3402.0,21.0
3403.0,21.0
3404.0,21.0
3405.0,21.0
3406.0,21.0
3407.0,21.0
3408.0,21.0
3409.0,21.0
3410.0,21.0
3411.0,21.0
3412.0,21.0
3413.0,21.0
3414.0,21.0
3415.0,21.0
3416.0,21.0
3417.0,21.0
3418.0,21.0
3419.0,21.0
3420.0,21.0
3421.0,21.0
3422.0,21.0
3423.0,21.0
3424.0,21.0
3425.0,21.0
3426.0,21.0
3427.0,21.0
3428.0,21.0
3429.0,21.0
3430.0,21.0
3431.0,21.0
3432.0,21.0
3433.0,21.0
3434.0,21.0
3435.0,21.0
3436.0,21.0
3437.0,21.0
3438.0,21.0
3439.0,21.0
3440.0,21.0
3441.0,21.0
3442.0,21.0
3443.0,21.0
3444.0,21.0
3445.0,21.0
3446.0,21.0
3447.0,21.0
3448.0,21.0
3449.0,21.0
3450.0,21.0
3451.0,21.0
3452.0,21.0
3453.0,21.0
3454.0,21.0
3455.0,21.0
3456.0,21.0
3457.0,21.0
3458.0,21.0
3459.0,21.0
3460.0,21.0
3461.0,21.0
3462.0,21.0
3463.0,21.0
3464.0,21.0
3465.0,21.0
3466.0,21.0
3467.0,21.0
3468.0,21.0
3469.0,21.0
3470.0,21.0
3471.0,21.0
3472.0,21.0
3473.0,21.0
3474.0,21.0
3475.0,21.0
3476.0,21.0
3477.0,21.0
3478.0,21.0
3479.0,21.0
3480.0,21.0
3481.0,21.0
3482.0,21.0
3483.0,21.0
3484.0,21.0
3485.0,21.0
3486.0,21.0
3487.0,21.0
3488.0,21.0
3489.0,21.0
3490.0,21.0
3491.0,21.0
3492.0,21.0
3493.0,21.0
3494.0,21.0
3495.0,21.0
3496.0,21.0
3497.0,21.0
3498.0,21.0
3499.0,21.0
3500.0,21.0
3501.0,21.0
3502.0,21.0
3503.0,21.0
3504.0,21.0
3505.0,21.0
3506.0,21.0
3507.0,21.0
3508.0,21.0
3509.0,21.0
3510.0,21.0
3511.0,21.0
3512.0,21.0
3513.0,21.0
3514.0,21.0
3515.0,21.0
3516.0,21.0
3517.0,21.0
3518.0,21.0
3519.0,21.0
3520.0,21.0
3521.0,21.0
3522.0,21.0
3523.0,21.0
3524.0,21.0
3525.0,21.0
3526.0,21.0
3527.0,21.0
3528.0,21.0
3529.0,21.0
3530.0,21.0
3531.0,21.0
3532.0,21.0
3533.0,21.0
3534.0,21.0
3535.0,21.0
3536.0,21.0
3537.0,21.0
3538.0,21.0
3539.0,21.0
3540.0,21.0
3541.0,21.0
3542.0,21.0
3543.0,21.0
3544.0,21.0
3545.0,21.0
3546.0,21.0
3547.0,21.0
3548.0,21.0
3549.0,21.0
3550.0,21.0
3551.0,21.0
3552.0,21.0
3553.0,21.0
3554.0,21.0
3555.0,21.0
3556.0,21.0
3557.0,21.0
3558.0,21.0
3559.0,21.0
3560.0,21.0
3561.0,21.0
3562.0,21.0
3563.0,21.0
3564.0,21.0
3565.0,21.0
3566.0,21.0
3567.0,21.0
3568.0,21.0
3569.0,21.0
3570.0,21.0
3571.0,21.0
3572.0,21.0
3573.0,21.0
3574.0,21.0
3575.0,21.0
3576.0,21.0
3577.0,21.0
3578.0,21.0
3579.0,21.0
3580.0,21.0
3581.0,21.0
3582.0,21.0
3583.0,21.0
3584.0,21.0
3585.0,21.0
3586.0,21.0
3587.0,21.0
3588.0,21.0
3589.0,21.0
3590.0,21.0
3591.0,21.0
3592.0,21.0
3593.0,21.0
3594.0,21.0
3595.0,21.0
3596.0,21.0
3597.0,21.0
3598.0,21.0
3599.0,21.0
3600.0,21.0
3601.0,21.0
3602.0,21.0
3603.0,21.0
3604.0,21.0
3605.0,21.0
3606.0,21.0
3607.0,21.0
3608.0,21.0
3609.0,21.0
3610.0,21.0
3611.0,21.0
3612.0,21.0
3613.0,21.0
3614.0,21.0
3615.0,21.0
3616.0,21.0
3617.0,21.0
3618.0,21.0
3619.0,21.0
3620.0,21.0
3621.0,21.0
3622.0,21.0
3623.0,21.0
3624.0,21.0
3625.0,21.0
3626.0,21.0
3627.0,21.0
3628.0,21.0
3629.0,21.0
3630.0,21.0
3631.0,21.0
3632.0,21.0
3633.0,21.0
3634.0,21.0
3635.0,21.0
3636.0,21.0
3637.0,21.0
3638.0,21.0
3639.0,21.0
3640.0,21.0
3641.0,21.0
3642.0,21.0
3643.0,21.0
3644.0,21.0
3645.0,21.0
3646.0,21.0
3647.0,21.0
3648.0,21.0
3649.0,21.0
3650.0,21.0
3651.0,21.0
3652.0,21.0
3653.0,21.0
3654.0,21.0
3655.0,21.0
3656.0,21.0
3657.0,21.0
3658.0,21.0
3659.0,21.0
3660.0,21.0
3661.0,21.0
3662.0,21.0
3663.0,21.0
3664.0,21.0
3665.0,21.0
3666.0,21.0
3667.0,21.0
3668.0,21.0
3669.0,21.0
3670.0,21.0
3671.0,21.0
3672.0,21.0
3673.0,21.0
3674.0,21.0
3675.0,21.0
3676.0,21.0
3677.0,21.0
3678.0,21.0
3679.0,21.0
3680.0,21.0
3681.0,21.0
3682.0,21.0
3683.0,21.0
3684.0,21.0
3685.0,21.0
3686.0,21.0
3687.0,21.0
3688.0,21.0
3689.0,21.0
3690.0,21.0
3691.0,21.0
3692.0,21.0
3693.0,21.0
3694.0,21.0
3695.0,21.0
3696.0,21.0
3697.0,21.0
3698.0,21.0
3699.0,21.0
3700.0,21.0
3701.0,21.0
3702.0,21.0
3703.0,21.0
3704.0,21.0
3705.0,21.0
3706.0,21.0
3707.0,21.0
3708.0,20.98
3709.0,20.98
3710.0,20.98
3711.0,20.98
3712.0,20.98
3713.0,20.98
3714.0,20.98
3715.0,20.98
3716.0,20.98
3717.0,20.98
3718.0,20.98
3719.0,20.98
3720.0,20.98
3721.0,20.98
3722.0,20.98
3723.0,20.98
3724.0,20.98
3725.0,20.98
3726.0,20.98
3727.0,20.98
3728.0,20.98
3729.0,20.98
3730.0,20.98
3731.0,20.98
3732.0,20.98
3733.0,20.98
3734.0,20.98
3735.0,20.98
3736.0,20.98
3737.0,20.98
3738.0,20.98
3739.0,20.98
3740.0,20.98
3741.0,20.98
3742.0,20.98
3743.0,20.98
3744.0,20.98
3745.0,20.98
3746.0,20.98
3747.0,20.98
3748.0,20.98
3749.0,20.98
3750.0,20.98
3751.0,20.98
3752.0,20.98
3753.0,20.98
3754.0,20.98
3755.0,20.98
3756.0,20.98
3757.0,20.98
3758.0,20.98
3759.0,20.98
3760.0,20.98
3761.0,20.88
3762.0,20.88
3763.0,20.88
3764.0,20.88
3765.0,20.88
3766.0,20.88
3767.0,20.88
3768.0,20.88
3769.0,20.88
3770.0,20.88
3771.0,20.88
3772.0,20.88
3773.0,20.88
3774.0,20.88
3775.0,20.88
3776.0,20.88
3777.0,20.88
3778.0,20.88
3779.0,20.88
3780.0,20.88
3781.0,20.88
3782.0,20.88
3783.0,20.88
3784.0,20.88
3785.0,20.88
3786.0,20.88
3787.0,20.88
3788.0,20.88
3789.0,20.88
3790.0,20.88
3791.0,20.88
3792.0,20.88
3793.0,20.88
3794.0,20.88
3795.0,20.88
3796.0,20.88
3797.0,20.88
3798.0,20.88
3799.0,20.88
3800.0,20.88
3801.0,20.88
3802.0,20.88
3803.0,20.88
3804.0,20.88
3805.0,20.88
3806.0,20.88
3807.0,20.88
3808.0,20.88
3809.0,20.88
3810.0,20.88
3811.0,20.88
3812.0,20.88
3813.0,20.78
3814.0,20.78
3815.0,20.78
3816.0,20.78
3817.0,20.78
3818.0,20.78
3819.0,20.78
3820.0,20.78
3821.0,20.78
3822.0,20.78
3823.0,20.78
3824.0,20.78
3825.0,20.78
3826.0,20.78
3827.0,20.78
3828.0,20.78
3829.0,20.78
3830.0,20.78
3831.0,20.78
3832.0,20.78
3833.0,20.78
3834.0,20.78
3835.0,20.78
3836.0,20.78
3837.0,20.78
3838.0,20.78
3839.0,20.78
3840.0,20.78
3841.0,20.78
3842.0,20.78
3843.0,20.78
3844.0,20.78
3845.0,20.78
3846.0,20.78
3847.0,20.78
3848.0,20.78
3849.0,20.78
3850.0,20.78
3851.0,20.78
3852.0,20.78
3853.0,20.78
3854.0,20.78
3855.0,20.78
3856.0,20.78
3857.0,20.78
3858.0,20.78
3859.0,20.78
3860.0,20.78
3861.0,20.78
3862.0,20.78
3863.0,20.78
3864.0,20.78
3865.0,20.78
3866.0,20.78
3867.0,20.78
3868.0,20.78
3869.0,20.78
3870.0,20.78
3871.0,20.78
3872.0,20.78
3873.0,20.78
3874.0,20.78
3875.0,20.78
3876.0,20.78
3877.0,20.78
3878.0,20.78
3879.0,20.78
3880.0,20.78
3881.0,20.78
3882.0,20.78
3883.0,20.78
3884.0,20.78
3885.0,20.78
3886.0,20.78
3887.0,20.78
3888.0,20.78
3889.0,20.78
3890.0,20.78
3891.0,20.78
3892.0,20.78
3893.0,20.78
3894.0,20.78
3895.0,20.78
3896.0,20.78
3897.0,20.78
3898.0,20.78
3899.0,20.78
3900.0,20.78
3901.0,20.78
3902.0,20.78
3903.0,20.78
3904.0,20.78
3905.0,20.78
3906.0,20.78
3907.0,20.78
3908.0,20.78
3909.0,20.78
3910.0,20.78
3911.0,20.78
3912.0,20.78
3913.0,20.78
3914.0,20.78
3915.0,20.78
3916.0,20.78
3917.0,20.78
3918.0,20.78
3919.0,20.78
3920.0,20.78
3921.0,20.78
3922.0,20.78
3923.0,20.78
3924.0,20.78
3925.0,20.78
3926.0,20.78
3927.0,20.78
3928.0,20.78
3929.0,20.78
3930.0,20.78
3931.0,20.78
3932.0,20.78
3933.0,20.78
3934.0,20.78
3935.0,20.78
3936.0,20.78
3937.0,20.78
3938.0,20.78
3939.0,20.78
3940.0,20.78
3941.0,20.78
3942.0,20.78
3943.0,20.78
3944.0,20.78
3945.0,20.78
3946.0,20.78
3947.0,20.78
3948.0,20.78
3949.0,20.78
3950.0,20.78
3951.0,20.78
3952.0,20.78
3953.0,20.78
3954.0,20.78
3955.0,20.78
3956.0,20.78
3957.0,20.78
3958.0,20.78
3959.0,20.78
3960.0,20.78
3961.0,20.78
3962.0,20.78
3963.0,20.78
3964.0,20.78
3965.0,20.78
3966.0,20.78
3967.0,20.78
3968.0,20.78
3969.0,20.78
3970.0,20.78
3971.0,20.78
3972.0,20.78
3973.0,20.78
3974.0,20.78
3975.0,20.78
3976.0,20.78
3977.0,20.78
3978.0,20.78
3979.0,20.78
3980.0,20.78
3981.0,20.78
3982.0,20.78
3983.0,20.78
3984.0,20.78
3985.0,20.78
3986.0,20.78
3987.0,20.78
3988.0,20.78
3989.0,20.78
3990.0,20.78
3991.0,20.78
3992.0,20.78
3993.0,20.78
3994.0,20.78
3995.0,20.78
3996.0,20.78
3997.0,20.78
3998.0,20.78
3999.0,20.78
4000.0,20.78
4001.0,20.78
4002.0,20.78
4003.0,20.78
4004.0,20.78
4005.0,20.78
4006.0,20.78
4007.0,20.78
4008.0,20.78
4009.0,20.78
4010.0,20.78
4011.0,20.78
4012.0,20.78
4013.0,20.78
4014.0,20.78
4015.0,20.78
4016.0,20.78
4017.0,20.78
4018.0,20.78
4019.0,20.78
4020.0,20.78
4021.0,20.78
4022.0,20.78
4023.0,20.78
4024.0,20.78
4025.0,20.78
4026.0,20.78
4027.0,20.78
4028.0,20.78
4029.0,20.78
4030.0,20.78
4031.0,20.78
4032.0,20.78
4033.0,20.78
4034.0,20.78
4035.0,20.78
4036.0,20.78
4037.0,20.78
4038.0,20.78
4039.0,20.78
4040.0,20.78
4041.0,20.78
4042.0,20.78
4043.0,20.78
4044.0,20.78
4045.0,20.78
4046.0,20.78
4047.0,20.78
4048.0,20.78
4049.0,20.78
4050.0,20.78
4051.0,20.78
4052.0,20.78
4053.0,20.78
4054.0,20.78
4055.0,20.78
4056.0,20.78
4057.0,20.78
4058.0,20.78
4059.0,20.78
4060.0,20.78
4061.0,20.78
4062.0,20.78
4063.0,20.78
4064.0,20.78
4065.0,20.78
4066.0,20.78
4067.0,20.78
4068.0,20.78
4069.0,20.78
4070.0,20.78
4071.0,20.78
4072.0,20.78
4073.0,20.78
4074.0,20.78
4075.0,20.78
4076.0,20.78
4077.0,20.78
4078.0,20.78
4079.0,20.78
4080.0,20.78
4081.0,20.78
4082.0,20.78
4083.0,20.78
4084.0,20.78
4085.0,20.78
4086.0,20.78
4087.0,20.78
4088.0,20.78
4089.0,20.78
4090.0,20.78
4091.0,20.78
4092.0,20.78
4093.0,20.78
4094.0,20.78
4095.0,20.78
4096.0,20.78
4097.0,20.78
4098.0,20.78
4099.0,20.78
4100.0,20.78
4101.0,20.78
4102.0,20.78
4103.0,20.78
4104.0,20.78
4105.0,20.78
4106.0,20.78
4107.0,20.78
4108.0,20.78
4109.0,20.78
4110.0,20.78
4111.0,20.78
4112.0,20.78
4113.0,20.78
4114.0,20.78
4115.0,20.78
4116.0,20.78
4117.0,20.78
4118.0,20.78
4119.0,20.78
4120.0,20.78
4121.0,20.78
4122.0,20.78
4123.0,20.78
4124.0,20.78
4125.0,20.78
4126.0,20.78
4127.0,20.78
4128.0,20.78
4129.0,20.78
4130.0,20.78
4131.0,20.78
4132.0,20.78
4133.0,20.78
4134.0,20.78
4135.0,20.78
4136.0,20.78
4137.0,20.78
4138.0,20.78
4139.0,20.78
4140.0,20.78
4141.0,20.78
4142.0,20.78
4143.0,20.78
4144.0,20.78
4145.0,20.78
4146.0,20.78
4147.0,20.78
4148.0,20.78
4149.0,20.78
4150.0,20.78
4151.0,20.78
4152.0,20.78
4153.0,20.78
4154.0,20.78
4155.0,20.78
4156.0,20.78
4157.0,20.78
4158.0,20.78
4159.0,20.78
4160.0,20.78
4161.0,20.78
4162.0,20.78
4163.0,20.78
4164.0,20.78
4165.0,20.78
4166.0,20.78
4167.0,20.78
4168.0,20.78
4169.0,20.78
4170.0,20.78
4171.0,20.78
4172.0,20.78
4173.0,20.78
4174.0,20.78
4175.0,20.78
4176.0,20.78
4177.0,20.78
4178.0,20.78
4179.0,20.78
4180.0,20.78
4181.0,20.78
4182.0,20.78
4183.0,20.78
4184.0,20.78
4185.0,20.78
4186.0,20.78
4187.0,20.78
4188.0,20.78
4189.0,20.78
4190.0,20.78
4191.0,20.78
4192.0,20.78
4193.0,20.78
4194.0,20.78
4195.0,20.78
4196.0,20.78
4197.0,20.78
4198.0,20.78
4199.0,20.78
4200.0,20.78
4201.0,20.78
4202.0,20.78
4203.0,20.78
4204.0,20.78
4205.0,20.78
4206.0,20.78
4207.0,20.78
4208.0,20.78
4209.0,20.78
4210.0,20.78
4211.0,20.78
4212.0,20.78
4213.0,20.78
4214.0,20.78
4215.0,20.78
4216.0,20.78
4217.0,20.78
4218.0,20.78
4219.0,20.78
4220.0,20.78
4221.0,20.78
4222.0,20.78
4223.0,20.62
4224.0,20.62
4225.0,20.62
4226.0,20.62
4227.0,20.62
4228.0,20.62
4229.0,20.62
4230.0,20.62
4231.0,20.62
4232.0,20.62
4233.0,20.62
4234.0,20.62
4235.0,20.62
4236.0,20.62
4237.0,20.62
4238.0,20.62
4239.0,20.62
4240.0,20.62
4241.0,20.62
4242.0,20.62
4243.0,20.62
4244.0,20.62
4245.0,20.62
4246.0,20.62
4247.0,20.62
4248.0,20.62
4249.0,20.62
4250.0,20.62
4251.0,20.62
4252.0,20.62
4253.0,20.62
4254.0,20.62
4255.0,20.62
4256.0,20.62
4257.0,20.62
4258.0,20.62
4259.0,20.62
4260.0,20.62
4261.0,20.62
4262.0,20.62
4263.0,20.62
4264.0,20.62
4265.0,20.62
4266.0,20.62
4267.0,20.62
4268.0,20.62
4269.0,20.62
4270.0,20.62
4271.0,20.62
4272.0,20.62
4273.0,20.62
4274.0,20.62
4275.0,20.62
4276.0,20.62
4277.0,20.62
4278.0,20.62
4279.0,20.62
4280.0,20.62
4281.0,20.62
4282.0,20.62
4283.0,20.62
4284.0,20.62
4285.0,20.62
4286.0,20.62
4287.0,20.62
4288.0,20.62
4289.0,20.62
4290.0,20.62
4291.0,20.62
4292.0,20.62
4293.0,20.62
4294.0,20.62
4295.0,20.62
4296.0,20.62
4297.0,20.62
4298.0,20.62
4299.0,20.62
4300.0,20.62
4301.0,20.62
4302.0,20.62
4303.0,20.62
4304.0,20.62
4305.0,20.62
4306.0,20.62
4307.0,20.62
4308.0,20.62
4309.0,20.62
4310.0,20.62
4311.0,20.62
4312.0,20.62
4313.0,20.62
4314.0,20.62
4315.0,20.62
4316.0,20.62
4317.0,20.62
4318.0,20.62
4319.0,20.62
4320.0,20.62
4321.0,20.62
4322.0,20.62
4323.0,20.62
4324.0,20.62
4325.0,20.62
4326.0,20.62
4327.0,20.62
4328.0,20.62
4329.0,20.62
4330.0,20.62
4331.0,20.62
4332.0,20.62
4333.0,20.62
4334.0,20.62
4335.0,20.62
4336.0,20.62
4337.0,20.62
4338.0,20.62
4339.0,20.62
4340.0,20.62
4341.0,20.62
4342.0,20.62
4343.0,20.62
4344.0,20.62
4345.0,20.62
4346.0,20.62
4347.0,20.62
4348.0,20.62
4349.0,20.62
4350.0,20.62
4351.0,20.62
4352.0,20.62
4353.0,20.62
4354.0,20.62
4355.0,20.62
4356.0,20.62
4357.0,20.62
4358.0,20.62
4359.0,20.62
4360.0,20.62
4361.0,20.62
4362.0,20.62
4363.0,20.62
4364.0,20.62
4365.0,20.62
4366.0,20.62
4367.0,20.62
4368.0,20.62
4369.0,20.62
4370.0,20.62
4371.0,20.62
4372.0,20.62
4373.0,20.62
4374.0,20.62
4375.0,20.62
4376.0,20.62
4377.0,20.62
4378.0,20.62
4379.0,20.62
4380.0,20.62
4381.0,20.62
4382.0,20.62
4383.0,20.62
4384.0,20.62
4385.0,20.62
4386.0,20.62
4387.0,20.62
4388.0,20.62
4389.0,20.62
4390.0,20.62
4391.0,20.62
4392.0,20.62
4393.0,20.62
4394.0,20.62
4395.0,20.62
4396.0,20.62
4397.0,20.62
4398.0,20.62
4399.0,20.62
4400.0,20.62
4401.0,20.62
4402.0,20.62
4403.0,20.62
4404.0,20.62
4405.0,20.62
4406.0,20.62
4407.0,20.62
4408.0,20.62
4409.0,20.62
4410.0,20.62
4411.0,20.62
4412.0,20.62
4413.0,20.62
4414.0,20.62
4415.0,20.62
4416.0,20.62
4417.0,20.62
4418.0,20.62
4419.0,20.62
4420.0,20.62
4421.0,20.62
4422.0,20.62
4423.0,20.62
4424.0,20.62
4425.0,20.62
4426.0,20.62
4427.0,20.62
4428.0,20.62
4429.0,20.62
4430.0,20.62
4431.0,20.62
4432.0,20.62
4433.0,20.62
4434.0,20.62
4435.0,20.62
4436.0,20.62
4437.0,20.62
4438.0,20.62
4439.0,20.62
4440.0,20.62
4441.0,20.62
4442.0,20.62
4443.0,20.62
4444.0,20.62
4445.0,20.62
4446.0,20.62
4447.0,20.62
4448.0,20.62
4449.0,20.62
4450.0,20.62
4451.0,20.62
4452.0,20.62
4453.0,20.62
4454.0,20.62
4455.0,20.62
4456.0,20.62
4457.0,20.62
4458.0,20.62
4459.0,20.62
4460.0,20.62
4461.0,20.62
4462.0,20.62
4463.0,20.62
4464.0,20.62
4465.0,20.62
4466.0,20.62
4467.0,20.62
4468.0,20.62
4469.0,20.62
4470.0,20.62
4471.0,20.62
4472.0,20.62
4473.0,20.62
4474.0,20.62
4475.0,20.62
4476.0,20.62
4477.0,20.62
4478.0,20.62
4479.0,20.62
4480.0,20.62
4481.0,20.62
4482.0,20.62
4483.0,20.62
4484.0,20.62
4485.0,20.62
4486.0,20.62
4487.0,20.62
4488.0,20.62
4489.0,20.62
4490.0,20.62
4491.0,20.62
4492.0,20.62
4493.0,20.62
4494.0,20.62
4495.0,20.62
4496.0,20.62
4497.0,20.62
4498.0,20.62
4499.0,20.62
4500.0,20.62
4501.0,20.62
4502.0,20.62
4503.0,20.62
4504.0,20.62
4505.0,20.62
4506.0,20.62
4507.0,20.62
4508.0,20.62
4509.0,20.62
4510.0,20.62
4511.0,20.62
4512.0,20.62
4513.0,20.62
4514.0,20.62
4515.0,20.62
4516.0,20.62
4517.0,20.62
4518.0,20.62
4519.0,20.62
4520.0,20.62
4521.0,20.62
4522.0,20.62
4523.0,20.62
4524.0,20.62
4525.0,20.62
4526.0,20.62
4527.0,20.62
4528.0,20.62
4529.0,20.62
4530.0,20.62
4531.0,20.62
4532.0,20.62
4533.0,20.62
4534.0,20.62
4535.0,20.62
4536.0,20.62
4537.0,20.62
4538.0,20.62
4539.0,20.62
4540.0,20.62
4541.0,20.62
4542.0,20.62
4543.0,20.62
4544.0,20.62
4545.0,20.62
4546.0,20.62
4547.0,20.62
4548.0,20.62
4549.0,20.62
4550.0,20.62
4551.0,20.62
4552.0,20.62
4553.0,20.62
4554.0,20.62
4555.0,20.62
4556.0,20.62
4557.0,20.62
4558.0,20.62
4559.0,20.62
4560.0,20.62
4561.0,20.62
4562.0,20.62
4563.0,20.62
4564.0,20.62
4565.0,20.62
4566.0,20.62
4567.0,20.62
4568.0,20.62
4569.0,20.62
4570.0,20.62
4571.0,20.62
4572.0,20.62
4573.0,20.62
4574.0,20.62
4575.0,20.62
4576.0,20.62
4577.0,20.62
4578.0,20.62
4579.0,20.62
4580.0,20.62
4581.0,20.62
4582.0,20.62
4583.0,20.62
4584.0,20.62
4585.0,20.62
4586.0,20.62
4587.0,20.62
4588.0,20.62
4589.0,20.62
4590.0,20.62
4591.0,20.62
4592.0,20.62
4593.0,20.62
4594.0,20.62
4595.0,20.62
4596.0,20.62
4597.0,20.62
4598.0,20.62
4599.0,20.62
4600.0,20.62
4601.0,20.62
4602.0,20.62
4603.0,20.62
4604.0,20.62
4605.0,20.62
4606.0,20.62
4607.0,20.62
4608.0,20.62
4609.0,20.62
4610.0,20.62
4611.0,20.62
4612.0,20.62
4613.0,20.62
4614.0,20.62
4615.0,20.62
4616.0,20.62
4617.0,20.62
4618.0,20.62
4619.0,20.62
4620.0,20.62
4621.0,20.62
4622.0,20.62
4623.0,20.62
4624.0,20.62
4625.0,20.62
4626.0,20.62
4627.0,20.62
4628.0,20.62
4629.0,20.62
4630.0,20.62
4631.0,20.62
4632.0,20.62
4633.0,20.62
4634.0,20.62
4635.0,20.62
4636.0,20.62
4637.0,20.62
4638.0,20.62
4639.0,20.62
4640.0,20.62
4641.0,20.62
4642.0,20.62
4643.0,20.62
4644.0,20.62
4645.0,20.62
4646.0,20.62
4647.0,20.62
4648.0,20.62
4649.0,20.62
4650.0,20.62
4651.0,20.62
4652.0,20.62
4653.0,20.62
4654.0,20.62
4655.0,20.62
4656.0,20.62
4657.0,20.62
4658.0,20.62
4659.0,20.62
4660.0,20.62
4661.0,20.62
4662.0,20.62
4663.0,20.62
4664.0,20.62
4665.0,20.62
4666.0,20.62
4667.0,20.62
4668.0,20.62
4669.0,20.62
4670.0,20.62
4671.0,20.62
4672.0,20.62
4673.0,20.62
4674.0,20.62
4675.0,20.62
4676.0,20.62
4677.0,20.62
4678.0,20.62
4679.0,20.62
4680.0,20.62
4681.0,20.62
4682.0,20.62
4683.0,20.62
4684.0,20.62
4685.0,20.62
4686.0,20.62
4687.0,20.62
4688.0,20.62
4689.0,20.62
4690.0,20.62
4691.0,20.62
4692.0,20.62
4693.0,20.62
4694.0,20.62
4695.0,20.62
4696.0,20.62
4697.0,20.62
4698.0,20.62
4699.0,20.62
4700.0,20.62
4701.0,20.62
4702.0,20.62
4703.0,20.62
4704.0,20.62
4705.0,20.62
4706.0,20.62
4707.0,20.62
4708.0,20.62
4709.0,20.62
4710.0,20.62
4711.0,20.62
4712.0,20.62
4713.0,20.62
4714.0,20.62
4715.0,20.62
4716.0,20.62
4717.0,20.62
4718.0,20.62
4719.0,20.62
4720.0,20.62
4721.0,20.62
4722.0,20.62
4723.0,20.62
4724.0,20.62
4725.0,20.62
4726.0,20.62
4727.0,20.62
4728.0,20.62
4729.0,20.62
4730.0,20.62
4731.0,20.62
4732.0,20.62
4733.0,20.62
4734.0,20.62
4735.0,20.62
4736.0,20.62
4737.0,20.62
4738.0,20.62
4739.0,20.62
4740.0,20.62
4741.0,20.62
4742.0,20.62
4743.0,20.62
4744.0,20.62
4745.0,20.62
4746.0,20.62
4747.0,20.62
4748.0,20.62
4749.0,20.62
4750.0,20.62
4751.0,20.62
4752.0,20.62
4753.0,20.62
4754.0,20.62
4755.0,20.62
4756.0,20.62
4757.0,20.62
4758.0,20.62
4759.0,20.62
4760.0,20.62
4761.0,20.0
4762.0,20.0
4763.0,20.0
4764.0,20.0
4765.0,20.0
4766.0,19.74
4767.0,19.74
4768.0,19.74
4769.0,19.74
4770.0,19.74
4771.0,19.74
4772.0,19.74
4773.0,19.74
4774.0,19.74
4775.0,19.74
4776.0,19.74
4777.0,19.74
4778.0,19.74
4779.0,19.74
4780.0,19.74
4781.0,19.74
4782.0,19.74
4783.0,19.74
4784.0,19.74
4785.0,19.74
4786.0,19.74
4787.0,19.74
4788.0,19.74
4789.0,19.74
4790.0,19.74
4791.0,19.74
4792.0,19.74
4793.0,19.74
4794.0,19.74
4795.0,19.74
4796.0,19.74
4797.0,19.74
4798.0,19.74
4799.0,19.74
4800.0,19.74
4801.0,19.74
4802.0,19.74
4803.0,19.69
4804.0,19.69
4805.0,19.69
4806.0,19.69
4807.0,19.69
4808.0,19.69
4809.0,19.69
4810.0,19.69
4811.0,19.69
4812.0,19.69
4813.0,19.69
4814.0,19.69
4815.0,19.69
4816.0,19.69
4817.0,19.69
4818.0,19.69
4819.0,19.69
4820.0,19.69
4821.0,19.69
4822.0,19.69
4823.0,19.69
4824.0,19.69
4825.0,19.69
4826.0,19.69
4827.0,19.69
4828.0,19.69
4829.0,19.69
4830.0,19.69
4831.0,19.69
4832.0,19.69
4833.0,19.69
4834.0,19.69
4835.0,19.69
4836.0,19.69
4837.0,19.69
4838.0,19.69
4839.0,19.68
4840.0,19.68
4841.0,19.68
4842.0,19.68
4843.0,19.68
4844.0,19.68
4845.0,19.68
4846.0,19.68
4847.0,19.68
4848.0,19.68
4849.0,19.68
4850.0,19.68
4851.0,19.68
4852.0,19.68
4853.0,19.68
4854.0,19.68
4855.0,19.68
4856.0,19.68
4857.0,19.68
4858.0,19.68
4859.0,19.68
4860.0,19.68
4861.0,19.68
4862.0,19.68
4863.0,19.68
4864.0,19.68
4865.0,19.68
4866.0,19.68
4867.0,19.68
4868.0,19.68
4869.0,19.68
4870.0,19.68
4871.0,19.68
4872.0,19.68
4873.0,19.68
4874.0,19.68
4875.0,19.68
4875.1,19.67
4876.1,19.67
4877.1,19.67
4878.1,19.67
4879.1,19.67
4880.1,19.67
4881.1,19.67
4882.1,19.67
4883.1,19.67
4884.1,19.67
4885.1,19.67
4886.1,19.67
4887.1,19.67
4888.1,19.67
4889.1,19.67
4890.1,19.67
4891.1,19.67
4892.1,19.67
4893.1,19.67
4894.1,19.67
4895.1,19.67
4896.1,19.67
4897.1,19.67
4898.1,19.67
4899.1,19.67
4900.1,19.67
4901.1,19.67
4902.1,19.67
4903.1,19.67
4904.1,19.67
4905.1,19.67
4906.1,19.67
4907.1,19.67
4908.1,19.67
4909.1,19.67
4910.1,19.67
4911.1,19.67
4911.200000000001,19.66
4912.200000000001,19.66
4913.200000000001,19.66
4914.200000000001,19.66
4915.200000000001,19.66
4916.200000000001,19.66
4917.200000000001,19.66
4918.200000000001,19.66
4919.200000000001,19.66
4920.200000000001,19.66
4921.200000000001,19.66
4922.200000000001,19.66
4923.200000000001,19.66
4924.200000000001,19.66
4925.200000000001,19.66
4926.200000000001,19.66
4927.200000000001,19.66
4928.200000000001,19.66
4929.200000000001,19.66
4930.200000000001,19.66
4931.200000000001,19.66
4932.200000000001,19.66
4933.200000000001,19.66
4934.200000000001,19.66
4935.200000000001,19.66
4936.200000000001,19.66
4937.200000000001,19.66
4938.200000000001,19.66
4939.200000000001,19.66
4940.200000000001,19.66
4941.200000000001,19.66
4942.200000000001,19.66
4943.200000000001,19.66
4944.200000000001,19.66
4945.200000000001,19.66
4946.200000000001,19.66
4947.200000000001,19.66
4947.300000000001,19.65
4948.300000000001,19.65
4949.300000000001,19.65
4950.300000000001,19.65
4951.300000000001,19.65
4952.300000000001,19.65
4953.300000000001,19.65
4954.300000000001,19.65
4955.300000000001,19.65
4956.300000000001,19.65
4957.300000000001,19.65
4958.300000000001,19.65
4959.300000000001,19.65
4960.300000000001,19.65
4961.300000000001,19.65
4962.300000000001,19.65
4963.300000000001,19.65
4964.300000000001,19.65
4965.300000000001,19.65
4966.300000000001,19.65
4967.300000000001,19.65
4968.300000000001,19.65
4969.300000000001,19.65
4970.300000000001,19.65
4971.300000000001,19.65
4972.300000000001,19.65
4973.300000000001,19.65
4974.300000000001,19.65
4975.300000000001,19.65
4976.300000000001,19.65
4977.300000000001,19.65
4978.300000000001,19.65
4979.300000000001,19.65
4980.300000000001,19.65
4981.300000000001,19.65
4982.300000000001,19.65
4983.300000000001,19.65
4984.300000000001,19.65
4985.300000000001,19.65
4986.300000000001,19.65
4987.300000000001,19.65
4988.300000000001,19.65
4989.300000000001,19.65
4990.300000000001,19.65
4991.300000000001,19.65
4992.300000000001,19.65
4993.300000000001,19.65
4994.300000000001,19.65
4995.300000000001,19.65
4996.300000000001,19.65
4997.300000000001,19.65
4998.300000000001,19.65
4998.4000000000015,19.64
4999.4000000000015,19.64
5000.4000000000015,19.64
5001.4000000000015,19.64
5002.4000000000015,19.64
5003.4000000000015,19.64
5004.4000000000015,19.64
5005.4000000000015,19.64
5006.4000000000015,19.64
5007.4000000000015,19.64
5008.4000000000015,19.64
5009.4000000000015,19.64
5010.4000000000015,19.64
5011.4000000000015,19.64
5012.4000000000015,19.64
5013.4000000000015,19.64
5014.4000000000015,19.64
5015.4000000000015,19.64
5016.4000000000015,19.64
5017.4000000000015,19.64
5018.4000000000015,19.64
5019.4000000000015,19.64
5020.4000000000015,19.64
5021.4000000000015,19.64
5022.4000000000015,19.64
5023.4000000000015,19.64
5024.200000000002,19.63
5025.200000000002,19.63
5026.200000000002,19.63
5027.200000000002,19.63
5028.200000000002,19.63
5029.200000000002,19.63
5030.200000000002,19.63
5031.200000000002,19.63
5032.200000000002,19.63
5033.200000000002,19.63
5034.200000000002,19.63
5035.200000000002,19.63
5036.200000000002,19.63
5037.100000000001,19.18
5038.100000000001,19.18
5039.100000000001,19.18
5040.100000000001,19.18
5041.100000000001,19.18
5042.100000000001,19.18
5043.100000000001,19.18
5044.100000000001,19.18
5045.100000000001,19.18
5046.000000000001,18.58
5047.000000000001,18.58
5048.000000000001,18.58
5049.000000000001,18.58
5050.000000000001,18.58
5050.300000000001,18.46
5051.300000000001,18.46
5052.300000000001,18.46
5053.300000000001,18.46
5054.300000000001,18.46
5055.300000000001,18.46
5056.300000000001,18.46
5057.300000000001,18.46
5058.300000000001,18.46
5059.300000000001,18.46
5060.300000000001,18.46
5060.600000000001,18.0
5061.600000000001,18.0
5062.600000000001,18.0
5063.600000000001,18.0
5064.600000000001,18.0
5065.600000000001,18.0
5066.600000000001,18.0
5067.600000000001,18.0
5068.600000000001,18.0
5069.600000000001,18.0
5070.600000000001,18.0
5071.600000000001,18.0
5072.600000000001,18.0
5072.9000000000015,18.0
5073.9000000000015,18.0
5074.9000000000015,18.0
5075.9000000000015,18.0
5076.9000000000015,18.0
5077.9000000000015,18.0
5078.9000000000015,18.0
5079.9000000000015,18.0
5080.200000000002,17.51
5081.200000000002,17.51
5082.200000000002,17.51
5083.200000000002,17.51
5084.200000000002,17.51
5085.200000000002,17.51
5086.200000000002,17.51
5087.200000000002,17.51
5088.200000000002,17.51
5089.200000000002,17.51
5090.200000000002,17.51
5091.200000000002,17.51
5092.200000000002,17.51
5092.500000000002,17.0
5093.500000000002,17.0
5094.500000000002,17.0
5095.500000000002,17.0
5096.500000000002,17.0
5097.500000000002,17.0
5098.500000000002,17.0
5099.500000000002,17.0
5100.500000000002,17.0
5101.500000000002,17.0
5102.500000000002,17.0
5103.500000000002,17.0
5104.500000000002,17.0
5105.500000000002,17.0
5106.500000000002,17.0
5107.500000000002,17.0
5108.500000000002,17.0
5109.500000000002,17.0
5110.500000000002,17.0
5111.500000000002,17.0
5112.500000000002,17.0
5113.500000000002,17.0
5114.500000000002,17.0
5115.500000000002,17.0
5116.500000000002,17.0
5117.500000000002,17.0
5118.500000000002,17.0
5119.500000000002,17.0
5120.500000000002,17.0
5121.500000000002,17.0
5122.500000000002,17.0
5123.500000000002,17.0
5124.500000000002,17.0
5125.500000000002,17.0
5126.500000000002,17.0
5127.500000000002,17.0
5128.500000000002,17.0
5129.500000000002,17.0
5130.500000000002,17.0
5131.500000000002,17.0
5132.500000000002,17.0
5133.500000000002,17.0
5134.500000000002,17.0
5135.500000000002,17.0
5136.500000000002,17.0
5137.500000000002,17.0
5138.500000000002,17.0
5139.500000000002,17.0
5140.500000000002,17.0
5141.500000000002,17.0
5142.500000000002,17.0
5143.500000000002,17.0
5144.500000000002,17.0
5145.500000000002,17.0
5146.500000000002,17.0
5147.500000000002,17.0
5148.500000000002,17.0
5149.500000000002,17.0
5150.500000000002,17.0
5151.500000000002,17.0
5152.500000000002,17.0
5153.500000000002,17.0
5154.500000000002,17.0
5155.500000000002,17.0
5156.500000000002,17.0
5157.500000000002,17.0
5158.500000000002,17.0
5159.500000000002,17.0
5160.500000000002,17.0
5161.500000000002,17.0
5162.500000000002,17.0
5163.500000000002,17.0
5164.500000000002,17.0
5165.500000000002,17.0
5166.500000000002,17.0
5167.500000000002,17.0
5168.500000000002,17.0
5169.500000000002,17.0
5170.500000000002,17.0
5171.500000000002,17.0
5172.500000000002,17.0
5173.500000000002,17.0
5174.500000000002,17.0
5175.500000000002,17.0
5176.500000000002,17.0
5177.500000000002,17.0
5178.500000000002,17.0
5179.500000000002,17.0
5180.500000000002,17.0
5181.500000000002,17.0
5182.500000000002,17.0
5183.500000000002,17.0
5184.500000000002,17.0
5185.500000000002,17.0
5186.500000000002,17.0
5187.500000000002,17.0
5188.500000000002,17.0
5189.500000000002,17.0
5190.500000000002,17.0
5191.500000000002,17.0
5192.500000000002,17.0
5193.500000000002,17.0
5194.500000000002,17.0
5195.500000000002,17.0
5196.500000000002,17.0
5197.500000000002,17.0
5198.500000000002,17.0
5199.500000000002,17.0
5200.500000000002,17.0
5201.500000000002,17.0
5202.500000000002,17.0
5203.500000000002,17.0
5204.500000000002,17.0
5205.500000000002,17.0
5206.500000000002,17.0
5207.500000000002,17.0
5208.500000000002,17.0
5209.500000000002,17.0
5210.500000000002,17.0
5211.500000000002,17.0
5212.500000000002,17.0
5213.500000000002,17.0
5214.500000000002,17.0
5215.500000000002,17.0
5216.500000000002,17.0
5217.500000000002,17.0
5218.500000000002,17.0
5219.500000000002,17.0
5220.500000000002,17.0
5221.500000000002,17.0
5222.500000000002,17.0
5223.500000000002,17.0
5224.500000000002,17.0
5225.500000000002,17.0
5226.500000000002,17.0
5227.500000000002,17.0
5228.500000000002,17.0
5229.500000000002,17.0
5230.500000000002,17.0
5231.500000000002,17.0
5232.500000000002,17.0
5233.500000000002,17.0
5234.500000000002,17.0
5235.500000000002,17.0
5236.500000000002,17.0
5237.500000000002,17.0
5238.500000000002,17.0
5239.500000000002,17.0
5240.500000000002,17.0
5241.500000000002,17.0
5242.500000000002,17.0
5243.500000000002,17.0
5244.500000000002,17.0
5245.500000000002,17.0
5246.500000000002,17.0
5247.500000000002,17.0
5248.500000000002,17.0
5249.500000000002,17.0
5250.500000000002,17.0
5251.500000000002,17.0
5252.500000000002,17.0
5253.500000000002,17.0
5254.500000000002,17.0
5255.500000000002,17.0
5256.500000000002,17.0
5257.500000000002,17.0
5258.500000000002,17.0
5259.500000000002,17.0
5260.500000000002,17.0
5261.500000000002,17.0
5262.500000000002,17.0
5263.500000000002,17.0
5264.500000000002,17.0
5265.500000000002,17.0
5266.500000000002,17.0
5267.500000000002,17.0
5268.500000000002,17.0
5269.500000000002,17.0
5270.500000000002,17.0
5271.500000000002,17.0
5272.500000000002,17.0
5273.500000000002,17.0
5274.500000000002,17.0
5275.500000000002,17.0
5276.500000000002,17.0
5277.500000000002,17.0
5278.500000000002,17.0
5279.500000000002,17.0
5280.500000000002,17.0
5281.500000000002,17.0
5282.500000000002,17.0
5283.500000000002,17.0
5284.500000000002,17.0
5285.500000000002,17.0
5286.500000000002,17.0
5287.500000000002,17.0
5288.500000000002,17.0
5289.500000000002,17.0
5290.500000000002,17.0
5291.500000000002,17.0
5292.500000000002,17.0
5293.500000000002,17.0
5294.500000000002,17.0
5295.500000000002,17.0
5296.500000000002,17.0
5297.500000000002,17.0
5298.500000000002,17.0
5299.500000000002,17.0
5300.500000000002,17.0
5301.500000000002,17.0
5302.500000000002,17.0
5303.500000000002,17.0
5304.500000000002,17.0
5305.500000000002,17.0
5306.500000000002,17.0
5307.500000000002,17.0
5308.500000000002,17.0
5309.500000000002,17.0
5310.500000000002,17.0
5311.500000000002,17.0
5312.500000000002,17.0
5313.500000000002,17.0
5314.500000000002,17.0
5315.500000000002,17.0
5316.500000000002,17.0
5317.500000000002,17.0
5318.500000000002,17.0
5319.500000000002,17.0
5320.500000000002,17.0
5321.500000000002,17.0
5322.500000000002,17.0
5323.500000000002,17.0
5324.500000000002,17.0
5325.500000000002,17.0
5326.500000000002,17.0
5327.500000000002,17.0
5328.500000000002,17.0
5329.500000000002,17.0
5330.500000000002,17.0
5331.500000000002,17.0
5332.500000000002,17.0
5333.500000000002,17.0
5334.500000000002,17.0
5335.500000000002,17.0
5336.500000000002,17.0
5337.500000000002,17.0
5338.500000000002,17.0
5339.500000000002,17.0
5340.500000000002,17.0
5341.500000000002,17.0
5342.500000000002,17.0
5343.500000000002,17.0
5344.500000000002,17.0
5345.500000000002,17.0
5346.500000000002,17.0
5347.500000000002,17.0
5348.500000000002,17.0
5349.500000000002,17.0
5350.500000000002,17.0
5351.500000000002,17.0
5352.500000000002,17.0
5353.500000000002,17.0
5354.500000000002,17.0
5355.500000000002,17.0
5356.500000000002,17.0
5357.500000000002,17.0
5358.500000000002,17.0
5359.500000000002,17.0
5360.500000000002,17.0
5361.500000000002,17.0
5362.500000000002,17.0
5363.500000000002,17.0
5364.500000000002,17.0
5365.500000000002,17.0
5366.500000000002,17.0
5367.500000000002,17.0
5368.500000000002,17.0
5369.500000000002,17.0
5370.500000000002,17.0
5371.500000000002,17.0
5372.500000000002,17.0
5373.500000000002,17.0
5374.500000000002,17.0
5375.500000000002,17.0
5376.500000000002,17.0
5377.500000000002,17.0
5378.500000000002,17.0
5379.500000000002,17.0
5380.500000000002,17.0
5380.800000000002,16.13
5381.800000000002,16.13
5382.800000000002,16.13
5383.800000000002,16.13
5384.800000000002,16.13
5385.800000000002,16.13
5386.800000000002,16.13
5387.800000000002,16.13
5388.800000000002,16.13
5389.800000000002,16.13
5390.800000000002,16.13
5391.800000000002,16.13
5392.800000000002,16.13
5393.800000000002,16.13
5394.800000000002,16.13
5395.800000000002,16.13
5396.800000000002,16.13
5397.800000000002,16.13
5398.800000000002,16.13
5399.800000000002,16.13
5400.800000000002,16.13
5401.800000000002,16.13
5402.800000000002,16.13
5403.800000000002,16.13
5404.800000000002,16.13
5405.300000000002,15.34
5406.300000000002,15.34
5407.300000000002,15.34
5408.300000000002,15.34
5409.300000000002,15.34
5410.300000000002,15.34
5411.300000000002,15.34
5412.300000000002,15.34
5413.300000000002,15.34
5414.300000000002,15.34
5415.300000000002,15.34
5416.300000000002,15.34
5417.300000000002,15.34
5418.300000000002,15.34
5419.300000000002,15.34
5420.300000000002,15.34
5421.300000000002,15.34
5422.300000000002,15.34
5423.300000000002,15.34
5424.300000000002,15.34
5425.300000000002,15.34
5426.300000000002,15.34
5427.300000000002,15.34
5428.300000000002,15.34
5429.300000000002,15.34
5430.300000000002,15.34
5431.300000000002,15.34
5432.300000000002,15.34
5433.300000000002,15.34
5434.300000000002,15.34
5435.300000000002,15.34
5436.300000000002,15.34
5437.300000000002,15.34
5438.300000000002,15.34
5439.300000000002,15.34
5440.300000000002,15.34
5441.300000000002,15.34
5442.300000000002,15.34
5443.300000000002,15.34
5444.300000000002,15.34
5445.300000000002,15.34
5446.300000000002,15.34
5447.300000000002,15.34
5448.300000000002,15.34
5449.300000000002,15.34
5450.300000000002,15.34
5451.300000000002,15.34
5452.300000000002,15.34
5453.300000000002,15.34
5454.300000000002,15.34
5455.300000000002,15.34
5456.300000000002,15.34
5457.300000000002,15.34
5458.300000000002,15.34
5459.300000000002,15.34
5459.800000000002,15.01
5460.800000000002,15.01
5461.800000000002,15.01
5462.800000000002,15.01
5463.800000000002,15.01
5464.800000000002,15.01
5465.800000000002,15.01
5466.800000000002,15.01
5467.800000000002,15.01
5468.800000000002,15.01
5469.800000000002,15.01
5470.800000000002,15.01
5471.800000000002,15.01
5472.800000000002,15.01
5473.800000000002,15.01
5474.800000000002,15.01
5475.800000000002,15.01
5476.800000000002,15.01
5477.800000000002,15.01
5478.800000000002,15.01
5479.800000000002,15.01
5480.800000000002,15.01
5481.300000000002,15.0
5482.300000000002,15.0
5483.300000000002,15.0
5484.300000000002,15.0
5485.300000000002,15.0
5486.300000000002,15.0
5487.300000000002,15.0
5488.300000000002,15.0
5489.300000000002,15.0
5490.300000000002,15.0
5491.300000000002,15.0
5492.300000000002,15.0
5493.300000000002,15.0
5494.300000000002,15.0
5495.300000000002,15.0
5496.300000000002,15.0
5497.300000000002,15.0
5498.300000000002,15.0
5499.300000000002,15.0
5500.300000000002,15.0
5501.300000000002,15.0
5502.300000000002,15.0
5503.300000000002,15.0
5504.300000000002,15.0
5505.300000000002,15.0
5506.300000000002,15.0
5507.300000000002,15.0
5508.300000000002,15.0
5509.300000000002,15.0
5510.300000000002,15.0
5511.300000000002,15.0
5512.300000000002,15.0
5513.300000000002,15.0
5514.300000000002,15.0
5515.300000000002,15.0
5516.300000000002,15.0
5517.300000000002,15.0
5518.300000000002,15.0
5519.300000000002,15.0
5520.300000000002,15.0
5521.300000000002,15.0
5522.300000000002,15.0
5523.300000000002,15.0
5524.300000000002,15.0
5525.300000000002,15.0
5526.300000000002,15.0
5527.300000000002,15.0
5528.300000000002,15.0
5529.300000000002,15.0
5530.300000000002,15.0
5531.300000000002,15.0
5532.300000000002,15.0
5533.300000000002,15.0
5534.300000000002,15.0
5535.300000000002,15.0
5536.300000000002,15.0
5537.300000000002,15.0
5538.300000000002,15.0
5539.300000000002,15.0
5540.300000000002,15.0
5541.300000000002,15.0
5542.300000000002,15.0
5543.300000000002,15.0
5544.300000000002,15.0
5545.300000000002,15.0
5546.300000000002,15.0
5547.300000000002,15.0
5548.300000000002,15.0
5549.300000000002,15.0
5550.300000000002,15.0
5551.300000000002,15.0
5552.300000000002,15.0
5553.300000000002,15.0
5554.300000000002,15.0
5555.300000000002,15.0
5556.300000000002,15.0
5557.300000000002,15.0
5558.300000000002,15.0
5559.300000000002,15.0
5560.300000000002,15.0
5561.300000000002,15.0
5562.300000000002,15.0
5563.300000000002,15.0
5564.300000000002,15.0
5565.300000000002,15.0
5566.300000000002,15.0
5567.300000000002,15.0
5568.300000000002,15.0
5569.300000000002,15.0
5570.300000000002,15.0
5571.300000000002,15.0
5572.300000000002,15.0
5573.300000000002,15.0
5574.300000000002,15.0
5575.300000000002,15.0
5576.300000000002,15.0
5577.300000000002,15.0
5578.300000000002,15.0
5579.300000000002,15.0
5580.300000000002,15.0
5581.300000000002,15.0
5582.300000000002,15.0
5583.300000000002,15.0
5584.300000000002,15.0
5585.300000000002,15.0
5586.300000000002,15.0
5587.300000000002,15.0
5588.300000000002,15.0
5589.300000000002,15.0
5590.300000000002,15.0
5591.300000000002,15.0
5592.300000000002,15.0
5593.300000000002,15.0
5594.300000000002,15.0
5595.300000000002,15.0
5596.300000000002,15.0
5597.300000000002,15.0
5598.300000000002,15.0
5599.300000000002,15.0
5600.300000000002,15.0
5601.300000000002,15.0
5602.300000000002,15.0
5603.300000000002,15.0
5604.300000000002,15.0
5605.300000000002,15.0
5606.300000000002,15.0
5607.300000000002,15.0
5608.300000000002,15.0
5609.300000000002,15.0
5610.300000000002,15.0
5611.300000000002,15.0
5612.300000000002,15.0
5613.300000000002,15.0
5614.300000000002,15.0
5615.300000000002,15.0
5616.300000000002,15.0
5617.300000000002,15.0
5618.300000000002,15.0
5619.300000000002,15.0
5620.300000000002,15.0
5621.300000000002,15.0
5622.300000000002,15.0
5623.300000000002,15.0
5624.300000000002,15.0
5625.300000000002,15.0
5626.300000000002,15.0
5627.300000000002,15.0
5628.300000000002,15.0
5629.300000000002,15.0
5630.300000000002,15.0
5631.300000000002,15.0
5632.300000000002,15.0
5633.300000000002,15.0
5634.300000000002,15.0
5635.300000000002,15.0
5636.300000000002,15.0
5637.300000000002,15.0
5638.300000000002,15.0
5639.300000000002,15.0
5640.300000000002,15.0
5641.300000000002,15.0
5642.300000000002,15.0
5643.300000000002,15.0
5644.300000000002,15.0
5645.300000000002,15.0
5646.300000000002,15.0
5647.300000000002,15.0
5648.300000000002,15.0
5649.300000000002,15.0
5650.300000000002,15.0
5651.300000000002,15.0
5652.300000000002,15.0
5653.300000000002,15.0
5654.300000000002,15.0
5655.300000000002,15.0
5656.300000000002,15.0
5657.300000000002,15.0
5658.300000000002,15.0
5659.300000000002,15.0
5660.300000000002,15.0
5661.300000000002,15.0
5662.300000000002,15.0
5663.300000000002,15.0
5664.300000000002,15.0
5665.300000000002,15.0
5666.300000000002,15.0
5667.300000000002,15.0
5668.300000000002,15.0
5669.300000000002,15.0
5670.300000000002,15.0
5671.300000000002,15.0
5672.300000000002,15.0
5673.300000000002,15.0
5674.300000000002,15.0
5675.300000000002,15.0
5676.300000000002,15.0
5677.300000000002,15.0
5678.300000000002,15.0
5679.300000000002,15.0
5680.300000000002,15.0
5681.300000000002,15.0
5682.300000000002,15.0
5683.300000000002,15.0
5684.300000000002,15.0
5685.300000000002,15.0
5686.300000000002,15.0
5687.300000000002,15.0
5688.300000000002,15.0
5689.300000000002,15.0
5690.300000000002,15.0
5691.300000000002,15.0
5692.300000000002,15.0
5693.300000000002,15.0
5694.300000000002,15.0
5695.300000000002,15.0
5696.300000000002,15.0
5697.300000000002,15.0
5698.300000000002,15.0
5699.300000000002,15.0
5700.300000000002,15.0
5701.300000000002,15.0
5702.300000000002,15.0
5703.300000000002,15.0
5704.300000000002,15.0
5705.300000000002,15.0
5706.300000000002,15.0
5707.300000000002,15.0
5708.300000000002,15.0
5709.300000000002,15.0
5710.300000000002,15.0
5711.300000000002,15.0
5712.300000000002,15.0
5713.300000000002,15.0
5714.300000000002,15.0
5715.300000000002,15.0
5716.300000000002,15.0
5717.300000000002,15.0
5718.300000000002,15.0
5719.300000000002,15.0
5720.300000000002,15.0
5721.300000000002,15.0
5722.300000000002,15.0
5723.300000000002,15.0
5724.300000000002,15.0
5725.300000000002,15.0
5726.300000000002,15.0
5727.300000000002,15.0
5728.300000000002,15.0
5729.300000000002,15.0
5730.300000000002,15.0
5731.300000000002,15.0
5732.300000000002,15.0
5733.300000000002,15.0
5734.300000000002,15.0
5735.300000000002,15.0
5736.300000000002,15.0
5737.300000000002,15.0
5738.300000000002,15.0
5739.300000000002,15.0
5740.300000000002,15.0
5741.300000000002,15.0
5742.300000000002,15.0
5743.300000000002,15.0
5744.300000000002,15.0
5745.300000000002,15.0
5746.300000000002,15.0
5747.300000000002,15.0
5748.300000000002,15.0
5749.300000000002,15.0
5750.300000000002,15.0
5751.300000000002,15.0
5752.300000000002,15.0
5753.300000000002,15.0
5754.300000000002,15.0
5755.300000000002,15.0
5756.300000000002,15.0
5757.300000000002,15.0
5758.300000000002,15.0
5759.300000000002,15.0
5760.300000000002,15.0
5761.300000000002,15.0
5762.300000000002,15.0
5763.300000000002,15.0
5764.300000000002,15.0
5765.300000000002,15.0
5766.300000000002,15.0
5767.300000000002,15.0
5768.300000000002,15.0
5769.300000000002,15.0
5770.300000000002,15.0
5771.300000000002,15.0
5772.300000000002,15.0
5773.300000000002,15.0
5774.300000000002,15.0
5775.300000000002,15.0
5776.300000000002,15.0
5777.300000000002,15.0
5778.300000000002,15.0
5779.300000000002,15.0
5780.300000000002,15.0
5781.300000000002,15.0
5782.300000000002,15.0
5783.300000000002,15.0
5784.300000000002,15.0
5785.300000000002,15.0
5786.300000000002,15.0
5787.300000000002,15.0
5788.300000000002,15.0
5789.300000000002,15.0
5790.300000000002,15.0
5791.300000000002,15.0
5792.300000000002,15.0
5793.300000000002,15.0
5794.300000000002,15.0
5795.300000000002,15.0
5796.300000000002,15.0
5797.300000000002,15.0
5798.300000000002,15.0
5799.300000000002,15.0
5800.300000000002,15.0
5801.300000000002,15.0
5802.300000000002,15.0
5803.300000000002,15.0
5804.300000000002,15.0
5805.300000000002,15.0
5806.300000000002,15.0
5807.300000000002,15.0
5808.300000000002,15.0
5809.300000000002,15.0
5810.300000000002,15.0
5811.300000000002,15.0
5812.300000000002,15.0
5813.300000000002,15.0
5814.300000000002,15.0
5815.300000000002,15.0
5816.300000000002,15.0
5817.300000000002,15.0
5818.300000000002,15.0
5819.300000000002,15.0
5820.300000000002,15.0
5821.300000000002,15.0
5822.300000000002,15.0
5823.300000000002,15.0
5824.300000000002,15.0
5825.300000000002,15.0
5826.300000000002,15.0
5827.300000000002,15.0
5828.300000000002,15.0
5829.300000000002,15.0
5830.300000000002,15.0
5831.300000000002,15.0
5832.300000000002,15.0
5833.300000000002,15.0
5834.300000000002,15.0
5835.300000000002,15.0
5836.300000000002,15.0
5837.300000000002,15.0
5838.300000000002,15.0
5839.300000000002,15.0
5840.300000000002,15.0
5841.300000000002,15.0
5842.300000000002,15.0
5843.300000000002,15.0
5844.300000000002,15.0
5845.300000000002,15.0
5846.300000000002,15.0
5847.300000000002,15.0
5848.300000000002,15.0
5849.300000000002,15.0
5850.300000000002,15.0
5851.300000000002,15.0
5852.300000000002,15.0
5853.300000000002,15.0
5854.300000000002,15.0
5855.300000000002,15.0
5856.300000000002,15.0
5857.300000000002,15.0
5858.300000000002,15.0
5859.300000000002,15.0
5860.300000000002,15.0
5861.300000000002,15.0
5862.300000000002,15.0
5863.300000000002,15.0
5864.300000000002,15.0
5865.300000000002,15.0
5866.300000000002,15.0
5867.300000000002,15.0
5868.300000000002,15.0
5869.300000000002,15.0
5870.300000000002,15.0
5871.300000000002,15.0
5872.300000000002,15.0
5873.300000000002,15.0
5874.300000000002,15.0
5875.300000000002,15.0
5876.300000000002,15.0
5877.300000000002,15.0
5878.300000000002,15.0
5879.300000000002,15.0
5880.300000000002,15.0
5881.300000000002,15.0
5882.300000000002,15.0
5883.300000000002,15.0
5884.300000000002,15.0
5885.300000000002,15.0
5886.300000000002,15.0
5887.300000000002,15.0
5888.300000000002,15.0
5889.300000000002,15.0
5890.300000000002,15.0
5891.300000000002,15.0
5892.300000000002,15.0
5893.300000000002,15.0
5894.300000000002,15.0
5895.300000000002,15.0
5896.300000000002,15.0
5897.300000000002,15.0
5898.300000000002,15.0
5899.300000000002,15.0
5900.300000000002,15.0
5901.300000000002,15.0
5902.300000000002,15.0
5903.300000000002,15.0
5904.300000000002,15.0
5905.300000000002,15.0
5906.300000000002,15.0
5907.300000000002,15.0
5908.300000000002,15.0
5909.300000000002,15.0
5910.300000000002,15.0
5911.300000000002,15.0
5912.300000000002,15.0
5913.300000000002,15.0
5914.300000000002,15.0
5915.300000000002,15.0
5916.300000000002,15.0
5917.300000000002,15.0
5918.300000000002,15.0
5919.300000000002,15.0
5920.300000000002,15.0
5921.300000000002,15.0
5922.300000000002,15.0
5923.300000000002,15.0
5923.500000000002,11.95
5924.500000000002,11.95
5925.500000000002,11.95
5926.500000000002,11.95
5927.500000000002,11.95
5928.500000000002,11.95
5929.500000000002,11.95
5930.500000000002,11.95
5931.500000000002,11.95
5932.500000000002,11.95
5933.500000000002,11.95
5934.500000000002,11.95
5935.500000000002,11.95
5936.500000000002,11.95
5937.500000000002,11.95
5938.500000000002,11.95
5939.500000000002,11.95
5940.500000000002,11.95
5941.500000000002,11.95
5942.500000000002,11.95
5943.500000000002,11.95
5944.500000000002,11.95
5945.500000000002,11.95
5946.500000000002,11.95
5947.500000000002,11.95
5948.500000000002,11.95
5949.500000000002,11.95
5950.500000000002,11.95
5951.500000000002,11.95
5952.500000000002,11.95
5953.500000000002,11.95
5954.500000000002,11.95
5955.500000000002,11.95
5956.500000000002,11.95
5957.500000000002,11.95
5958.500000000002,11.95
5959.500000000002,11.95
5960.500000000002,11.95
5961.500000000002,11.95
5962.500000000002,11.95
5963.500000000002,11.95
5964.500000000002,11.95
5965.500000000002,11.95
5966.500000000002,11.95
5967.500000000002,11.95
5968.500000000002,11.95
5969.500000000002,11.95
5970.500000000002,11.95
5971.500000000002,11.95
5972.500000000002,11.95
5973.500000000002,11.95
5974.500000000002,11.95
5975.500000000002,11.95
5976.500000000002,11.95
5977.500000000002,11.95
5978.500000000002,11.95
5979.500000000002,11.95
5980.500000000002,11.95
5981.500000000002,11.95
5982.500000000002,11.95
5983.500000000002,11.95
5984.500000000002,11.95
5985.500000000002,11.95
5986.500000000002,11.95
5987.500000000002,11.95
5988.500000000002,11.95
5989.500000000002,11.95
5990.500000000002,11.95
5991.500000000002,11.95
5992.500000000002,11.95
5993.500000000002,11.95
5994.500000000002,11.95
5995.500000000002,11.95
5996.500000000002,11.95
5997.500000000002,11.95
5998.500000000002,11.95
5999.500000000002,11.95
6000.500000000002,11.95
6001.500000000002,11.95
6002.500000000002,11.95
6003.500000000002,11.95
6004.500000000002,11.95
6005.500000000002,11.95
6006.500000000002,11.95
6007.500000000002,11.95
6008.500000000002,11.95
6009.500000000002,11.95
6010.500000000002,11.95
6011.500000000002,11.95
6012.500000000002,11.95
6013.500000000002,11.95
6014.500000000002,11.95
6015.500000000002,11.95
6016.500000000002,11.95
6017.500000000002,11.95
6018.500000000002,11.95
6019.500000000002,11.95
6020.500000000002,11.95
6021.500000000002,11.95
6022.500000000002,11.95
6023.500000000002,11.95
6024.500000000002,11.95
6025.500000000002,11.95
6026.500000000002,11.95
6027.500000000002,11.95
6028.500000000002,11.95
6029.500000000002,11.95
6030.500000000002,11.95
6031.500000000002,11.95
6032.500000000002,11.95
6033.500000000002,11.95
6034.500000000002,11.95
6035.500000000002,11.95
6036.500000000002,11.95
6037.500000000002,11.95
6038.500000000002,11.95
6039.500000000002,11.95
6040.500000000002,11.95
6041.500000000002,11.95
6042.500000000002,11.95
6043.500000000002,11.95
6044.500000000002,11.95
6045.500000000002,11.95
6046.500000000002,11.95
6047.500000000002,11.95
6048.500000000002,11.95
6049.500000000002,11.95
6050.500000000002,11.95
6051.500000000002,11.95
6052.500000000002,11.95
6053.500000000002,11.95
6054.500000000002,11.95
6055.500000000002,11.95
6056.500000000002,11.95
6057.500000000002,11.95
6058.500000000002,11.95
6059.500000000002,11.95
6060.500000000002,11.95
6061.500000000002,11.95
6062.500000000002,11.95
6063.500000000002,11.95
6064.500000000002,11.95
6065.500000000002,11.95
6066.500000000002,11.95
6067.500000000002,11.95
6068.500000000002,11.95
6069.500000000002,11.95
6070.500000000002,11.95
6071.500000000002,11.95
6072.500000000002,11.95
6073.500000000002,11.95
6074.500000000002,11.95
6075.500000000002,11.95
6076.500000000002,11.95
6077.500000000002,11.95
6078.500000000002,11.95
6079.500000000002,11.95
6080.500000000002,11.95
6081.500000000002,11.95
6082.500000000002,11.95
6083.500000000002,11.95
6084.500000000002,11.95
6085.500000000002,11.95
6086.500000000002,11.95
6087.500000000002,11.95
6088.500000000002,11.95
6089.500000000002,11.95
6090.500000000002,11.95
6091.500000000002,11.95
6092.500000000002,11.95
6093.300000000002,10.0
6094.300000000002,10.0
6095.300000000002,10.0
6096.300000000002,10.0
6097.100000000002,6.01
6098.100000000002,6.01
6099.100000000002,6.01
6100.100000000002,6.01
6101.100000000002,6.01
6101.900000000002,6.01
6102.900000000002,6.01
6103.900000000002,6.01
6104.900000000002,6.01
6105.100000000002,6.01
6106.100000000002,6.01
6107.100000000002,6.01
6108.100000000002,6.01
6109.100000000002,6.01
6110.100000000002,6.01
6111.100000000002,6.01
6112.100000000002,6.01
6113.100000000002,6.01
6114.100000000002,6.01
6115.100000000002,6.01
6116.100000000002,6.01
6117.100000000002,6.01
6117.300000000002,6.01
6118.300000000002,6.01
6119.300000000002,6.01
6120.300000000002,6.01
6121.300000000002,6.01
6122.300000000002,6.01
6123.300000000002,6.01
6123.500000000002,6.01
6124.500000000002,6.01
6125.500000000002,6.01
6126.500000000002,6.01
6127.500000000002,6.01
6128.500000000002,6.01
6129.500000000002,6.01
6130.500000000002,6.01
6131.500000000002,6.01
6132.500000000002,6.01
6133.500000000002,6.01
6134.500000000002,6.01
6135.500000000002,6.01
6135.700000000002,1.0
6136.700000000002,1.0
6137.700000000002,1.0
6138.700000000002,1.0
6139.700000000002,1.0
6140.700000000002,1.0
6141.700000000002,1.0
6142.700000000002,1.0
6143.700000000002,1.0
6144.700000000002,1.0
6145.700000000002,1.0
6146.700000000002,1.0
6147.700000000002,1.0
6148.700000000002,1.0
6149.700000000002,1.0
6150.700000000002,1.0
6151.700000000002,1.0
6152.700000000002,1.0
6153.700000000002,1.0
6154.700000000002,1.0
6155.700000000002,1.0
6155.9000000000015,1.0
6156.9000000000015,1.0
6157.9000000000015,1.0
6158.9000000000015,1.0
6159.9000000000015,1.0
6160.9000000000015,1.0
6161.9000000000015,1.0
6162.9000000000015,1.0
6163.9000000000015,1.0
6164.9000000000015,1.0
6165.9000000000015,1.0
6166.9000000000015,1.0
6166.9000000000015,1.0
6167.9000000000015,1.0
6168.9000000000015,1.0
6169.9000000000015,1.0
6170.9000000000015,1.0
6171.9000000000015,1.0
6172.9000000000015,1.0
6173.9000000000015,1.0
6174.9000000000015,1.0
6175.9000000000015,1.0
6176.9000000000015,1.0
6177.9000000000015,1.0
6178.9000000000015,1.0
6179.9000000000015,1.0
6180.9000000000015,1.0
6181.9000000000015,1.0
6181.9000000000015,1.0
6182.9000000000015,1.0
6183.9000000000015,1.0
6184.9000000000015,1.0
6185.9000000000015,1.0
6186.9000000000015,1.0
6187.9000000000015,1.0
6188.9000000000015,1.0
6189.9000000000015,1.0
6190.9000000000015,1.0
6191.9000000000015,1.0
6191.9000000000015,1.0
6192.9000000000015,1.0
6193.9000000000015,1.0
6194.9000000000015,1.0
6195.9000000000015,1.0
6196.9000000000015,1.0
6197.9000000000015,1.0
6198.9000000000015,1.0
6199.9000000000015,1.0
6200.9000000000015,1.0
6201.9000000000015,1.0
6202.9000000000015,1.0
6203.9000000000015,1.0
6204.9000000000015,1.0
6205.9000000000015,1.0
6205.9000000000015,0.0
6206.9000000000015,0.0
6207.9000000000015,0.0
6208.9000000000015,0.0
6209.9000000000015,0.0
6210.9000000000015,0.0
6211.9000000000015,0.0
